hora,dia_semana,mes,estacion,total_sismos,magnitud_promedio
22,Tuesday,9,otono,303,3.319471947194719
4,Saturday,9,otono,297,3.3353535353535353
0,Tuesday,2,invierno,292,3.464041095890411
2,Saturday,10,otono,291,3.1869415807560135
3,Saturday,10,otono,287,3.116376306620209
0,Saturday,10,otono,287,3.2728222996515677
2,Wednesday,1,invierno,285,3.4750877192982457
4,Thursday,10,otono,281,3.1946619217081853
0,Wednesday,1,invierno,280,3.517142857142857
22,Monday,9,otono,280,3.1060714285714286
4,Tuesday,9,otono,278,3.1093525179856116
4,Thursday,9,otono,277,3.2444043321299643
1,Thursday,10,otono,277,3.1960288808664257
3,Saturday,9,otono,277,3.3891696750902525
23,Tuesday,9,otono,275,3.256
6,Saturday,2,invierno,275,3.290909090909091
5,Sunday,9,otono,273,3.2285714285714286
6,Tuesday,9,otono,273,2.993772893772894
5,Wednesday,9,otono,273,3.1787545787545786
0,Friday,1,invierno,272,3.5566176470588236
6,Sunday,1,invierno,272,3.4529411764705884
2,Monday,9,otono,272,3.2253676470588233
22,Thursday,1,invierno,269,3.5223048327137545
6,Sunday,10,otono,269,3.1895910780669143
5,Sunday,1,invierno,268,3.4466417910447764
1,Saturday,10,otono,267,3.210861423220974
1,Friday,1,invierno,267,3.4681647940074907
0,Thursday,10,otono,266,3.157518796992481
1,Tuesday,10,otono,266,3.2725563909774436
1,Wednesday,1,invierno,266,3.5766917293233083
0,Monday,10,otono,265,3.3422641509433966
3,Wednesday,10,otono,265,3.271698113207547
8,Sunday,9,otono,265,3.1939622641509433
0,Wednesday,9,otono,265,3.3452830188679243
23,Thursday,1,invierno,264,3.5518939393939397
23,Friday,9,otono,264,3.466666666666667
22,Saturday,2,invierno,263,3.535361216730038
2,Friday,1,invierno,263,3.5403041825095056
0,Saturday,1,invierno,262,3.5034351145038167
22,Wednesday,11,otono,262,3.4702290076335878
21,Friday,9,otono,262,3.4656488549618323
1,Tuesday,2,invierno,262,3.4538167938931297
0,Saturday,9,otono,262,3.3938931297709924
22,Friday,9,otono,261,3.467432950191571
1,Saturday,9,otono,260,3.3453846153846154
23,Wednesday,1,invierno,259,3.5034749034749035
5,Monday,2,invierno,259,3.465250965250965
5,Sunday,10,otono,258,3.2926356589147288
23,Monday,10,otono,257,3.3315175097276266
17,Monday,9,otono,257,3.1599221789883267
2,Thursday,1,invierno,257,3.5361867704280154
2,Saturday,9,otono,257,3.356420233463035
2,Saturday,1,invierno,256,3.471875
4,Saturday,12,invierno,255,3.5647058823529414
0,Wednesday,10,otono,255,3.3113725490196075
3,Wednesday,2,invierno,254,3.4960629921259843
5,Friday,1,invierno,254,3.4499999999999997
4,Saturday,11,otono,254,3.415748031496063
3,Tuesday,9,otono,254,3.0547244094488186
3,Friday,1,invierno,254,3.5700787401574803
21,Sunday,10,otono,253,3.4193675889328063
1,Tuesday,9,otono,253,3.018181818181818
3,Thursday,10,otono,253,3.3189723320158104
5,Tuesday,9,otono,253,3.183399209486166
20,Tuesday,1,invierno,252,3.5833333333333335
6,Thursday,10,otono,252,3.00515873015873
1,Sunday,10,otono,252,3.3269841269841267
5,Wednesday,1,invierno,252,3.5087301587301587
2,Thursday,9,otono,252,3.255952380952381
5,Wednesday,10,otono,251,3.3820717131474103
1,Tuesday,1,invierno,251,3.5358565737051793
0,Tuesday,9,otono,250,3.238
5,Monday,9,otono,250,3.2908000000000004
20,Monday,9,otono,250,3.2776
6,Wednesday,9,otono,249,3.147389558232932
2,Saturday,12,invierno,249,3.546586345381526
3,Tuesday,2,invierno,249,3.462248995983936
4,Wednesday,1,invierno,249,3.5080321285140563
4,Saturday,2,invierno,249,3.505622489959839
0,Saturday,2,invierno,249,3.5285140562248998
3,Wednesday,9,otono,248,3.3725806451612903
2,Wednesday,9,otono,248,3.2475806451612903
5,Thursday,10,otono,248,3.109274193548387
23,Monday,9,otono,248,3.107661290322581
1,Thursday,9,otono,248,3.366129032258064
23,Monday,1,invierno,247,3.502834008097166
0,Wednesday,2,invierno,247,3.4842105263157896
5,Monday,10,otono,247,3.291902834008097
2,Tuesday,9,otono,246,3.1951219512195124
4,Saturday,10,otono,246,3.219918699186992
23,Friday,1,invierno,246,3.4768292682926827
1,Saturday,1,invierno,246,3.491869918699187
21,Monday,9,otono,246,3.0678861788617886
3,Monday,1,invierno,246,3.5548780487804876
18,Monday,9,otono,245,3.128163265306122
3,Saturday,1,invierno,245,3.551836734693878
21,Wednesday,9,otono,245,3.1767346938775507
13,Friday,1,invierno,245,3.533061224489796
4,Wednesday,9,otono,245,3.3159183673469386
22,Tuesday,2,invierno,245,3.4738775510204083
7,Tuesday,9,otono,245,3.0563265306122447
2,Sunday,10,otono,244,3.1651639344262295
0,Saturday,11,otono,244,3.540573770491803
23,Tuesday,2,invierno,243,3.480246913580247
23,Wednesday,9,otono,243,3.3325102880658433
22,Tuesday,11,otono,243,3.51358024691358
1,Wednesday,9,otono,243,3.3666666666666667
0,Tuesday,10,otono,243,3.28559670781893
23,Tuesday,10,otono,242,3.516115702479339
19,Tuesday,9,otono,242,3.3181818181818183
6,Saturday,9,otono,242,3.41404958677686
1,Thursday,1,invierno,242,3.5479338842975205
5,Thursday,9,otono,242,3.0950413223140494
3,Thursday,11,otono,242,3.378099173553719
2,Tuesday,1,invierno,242,3.5119834710743802
4,Tuesday,1,invierno,242,3.5235537190082646
0,Sunday,10,otono,241,3.2568464730290456
0,Tuesday,1,invierno,241,3.5311203319502074
23,Wednesday,11,otono,241,3.3730290456431535
22,Friday,1,invierno,241,3.5394190871369293
2,Tuesday,2,invierno,240,3.4445833333333336
1,Sunday,1,invierno,240,3.5258333333333334
23,Sunday,1,invierno,240,3.5679166666666666
3,Thursday,1,invierno,240,3.5283333333333333
8,Friday,1,invierno,240,3.35625
3,Thursday,9,otono,240,3.21
23,Wednesday,2,invierno,240,3.58625
22,Wednesday,3,primavera,239,3.5807531380753135
0,Sunday,3,primavera,239,3.5769874476987447
3,Wednesday,11,otono,239,3.487029288702929
5,Saturday,9,otono,239,3.3581589958158995
1,Wednesday,10,otono,239,3.284518828451883
23,Thursday,12,invierno,239,3.517991631799163
0,Saturday,12,invierno,239,3.5493723849372385
3,Wednesday,1,invierno,239,3.50418410041841
20,Tuesday,9,otono,239,3.207112970711297
2,Tuesday,10,otono,238,3.103781512605042
7,Sunday,10,otono,238,3.037394957983193
6,Friday,1,invierno,238,3.4697478991596635
0,Thursday,1,invierno,238,3.5067226890756302
0,Monday,1,invierno,238,3.4819327731092438
22,Sunday,2,invierno,238,3.462605042016807
3,Saturday,12,invierno,237,3.464978902953587
4,Sunday,12,invierno,237,3.478902953586498
0,Sunday,2,invierno,237,3.548523206751055
4,Friday,10,otono,237,3.350632911392405
3,Sunday,1,invierno,237,3.481012658227848
10,Tuesday,9,otono,237,3.2324894514767935
23,Sunday,3,primavera,237,3.6337552742616035
23,Sunday,10,otono,237,3.4
0,Sunday,1,invierno,237,3.541772151898734
2,Saturday,11,otono,236,3.5338983050847457
2,Thursday,10,otono,236,3.3216101694915254
5,Friday,9,otono,236,3.465254237288135
22,Tuesday,10,otono,236,3.388135593220339
22,Wednesday,10,otono,236,3.445762711864407
4,Thursday,2,invierno,236,3.4114406779661017
22,Thursday,9,otono,236,3.2411016949152542
3,Thursday,3,primavera,236,3.605508474576271
15,Monday,9,otono,235,3.2246808510638294
10,Sunday,9,otono,235,3.1829787234042555
2,Wednesday,10,otono,235,3.3817021276595747
22,Monday,2,invierno,235,3.485957446808511
1,Saturday,2,invierno,235,3.5365957446808514
4,Friday,1,invierno,235,3.6123404255319147
4,Tuesday,10,otono,235,3.3574468085106384
4,Sunday,7,verano,235,3.528085106382979
16,Monday,9,otono,234,3.2145299145299147
8,Tuesday,9,otono,234,3.147863247863248
23,Thursday,10,otono,234,3.2893162393162396
1,Monday,1,invierno,234,3.5243589743589747
7,Sunday,9,otono,234,3.2555555555555555
3,Saturday,3,primavera,234,3.547008547008547
2,Thursday,2,invierno,234,3.520940170940171
0,Thursday,9,otono,234,3.4153846153846157
4,Saturday,3,primavera,234,3.6055555555555556
23,Saturday,2,invierno,234,3.560683760683761
1,Saturday,12,invierno,234,3.5854700854700856
5,Sunday,3,primavera,233,3.5390557939914165
23,Friday,10,otono,233,3.3738197424892706
22,Monday,10,otono,233,3.4772532188841203
4,Friday,9,otono,233,3.4519313304721027
5,Thursday,2,invierno,233,3.4085836909871245
3,Monday,10,otono,233,3.341630901287554
2,Monday,10,otono,233,3.287982832618026
3,Friday,12,invierno,233,3.6592274678111587
4,Thursday,11,otono,233,3.4098712446351933
2,Monday,2,invierno,233,3.490557939914163
6,Sunday,9,otono,233,3.209012875536481
1,Tuesday,12,invierno,233,3.5287553648068672
2,Wednesday,2,invierno,233,3.550643776824034
5,Sunday,2,invierno,232,3.415948275862069
2,Monday,12,invierno,232,3.4961206896551724
2,Friday,10,otono,232,3.3241379310344827
4,Monday,12,invierno,232,3.467241379310345
2,Saturday,2,invierno,232,3.5017241379310344
22,Tuesday,1,invierno,232,3.5301724137931036
19,Tuesday,10,otono,232,3.471120689655172
1,Thursday,3,primavera,232,3.652586206896552
5,Wednesday,11,otono,232,3.4357758620689656
0,Monday,2,invierno,231,3.506060606060606
21,Thursday,9,otono,231,3.37965367965368
14,Saturday,9,otono,231,3.2679653679653677
3,Monday,9,otono,231,3.27012987012987
3,Tuesday,10,otono,231,3.1822510822510823
1,Friday,12,invierno,230,3.467826086956522
14,Tuesday,9,otono,230,3.363913043478261
14,Sunday,1,invierno,230,3.486521739130435
5,Tuesday,11,otono,230,3.506521739130435
0,Monday,3,primavera,229,3.600873362445415
0,Thursday,2,invierno,229,3.5471615720524015
0,Thursday,11,otono,229,3.441048034934498
0,Saturday,7,verano,229,3.553711790393013
4,Monday,1,invierno,229,3.5078602620087334
0,Saturday,6,verano,228,3.579385964912281
4,Sunday,1,invierno,228,3.5671052631578943
3,Tuesday,1,invierno,228,3.457456140350877
4,Tuesday,2,invierno,228,3.518859649122807
22,Sunday,3,primavera,228,3.5706140350877194
2,Sunday,2,invierno,228,3.5008771929824563
0,Friday,12,invierno,228,3.481140350877193
10,Sunday,10,otono,228,3.3890350877192983
1,Monday,10,otono,228,3.2337719298245613
0,Friday,2,invierno,228,3.520175438596491
20,Thursday,1,invierno,228,3.5364035087719294
3,Friday,9,otono,228,3.361842105263158
2,Sunday,1,invierno,228,3.537280701754386
4,Wednesday,10,otono,228,3.350438596491228
12,Friday,1,invierno,228,3.4600877192982455
22,Sunday,10,otono,228,3.248684210526316
4,Saturday,1,invierno,228,3.4653508771929826
2,Thursday,3,primavera,228,3.5951754385964914
0,Saturday,3,primavera,228,3.592982456140351
16,Saturday,9,otono,227,3.304845814977974
8,Friday,9,otono,227,3.359911894273128
20,Thursday,12,invierno,227,3.5140969162995597
2,Friday,9,otono,227,3.4784140969162998
6,Monday,9,otono,227,3.1515418502202643
21,Friday,2,invierno,226,3.5769911504424776
21,Monday,2,invierno,226,3.588053097345133
0,Wednesday,11,otono,226,3.4827433628318585
19,Monday,9,otono,226,3.1685840707964603
1,Saturday,3,primavera,226,3.5331858407079646
2,Tuesday,12,invierno,226,3.5106194690265484
0,Sunday,9,otono,225,3.364
10,Friday,9,otono,225,3.3564444444444446
4,Monday,2,invierno,225,3.489777777777778
4,Sunday,3,primavera,225,3.589777777777778
3,Saturday,11,otono,225,3.388888888888889
1,Saturday,11,otono,225,3.5204444444444447
21,Friday,1,invierno,225,3.533333333333333
20,Friday,1,invierno,225,3.4915555555555557
0,Thursday,3,primavera,224,3.5044642857142856
3,Thursday,2,invierno,224,3.5660714285714286
0,Friday,9,otono,224,3.427232142857143
6,Thursday,9,otono,224,3.329910714285714
20,Tuesday,11,otono,224,3.492857142857143
22,Friday,10,otono,223,3.367713004484305
2,Thursday,11,otono,223,3.4573991031390134
22,Sunday,1,invierno,223,3.5394618834080713
0,Thursday,12,invierno,223,3.6121076233183858
5,Saturday,1,invierno,223,3.441255605381166
4,Thursday,12,invierno,223,3.52780269058296
7,Monday,9,otono,223,3.201793721973094
5,Tuesday,1,invierno,223,3.5605381165919283
6,Friday,9,otono,223,3.453811659192825
6,Tuesday,1,invierno,223,3.5399103139013453
14,Tuesday,10,otono,223,3.3282511210762333
0,Tuesday,3,primavera,223,3.575336322869955
7,Wednesday,9,otono,223,3.1955156950672645
3,Sunday,12,invierno,223,3.4937219730941704
7,Friday,1,invierno,222,3.536036036036036
18,Tuesday,10,otono,222,3.446846846846847
21,Wednesday,11,otono,221,3.5036199095022624
3,Wednesday,6,verano,221,3.6176470588235294
13,Saturday,9,otono,221,3.360180995475113
21,Wednesday,2,invierno,221,3.480995475113122
4,Sunday,10,otono,221,3.3705882352941177
8,Sunday,10,otono,221,3.4072398190045248
6,Sunday,2,invierno,221,3.409954751131222
4,Wednesday,12,invierno,221,3.498190045248869
23,Friday,12,invierno,221,3.5366515837104076
4,Sunday,11,otono,221,3.4633484162895924
22,Friday,11,otono,221,3.4624434389140273
3,Sunday,10,otono,220,3.2545454545454544
1,Monday,12,invierno,220,3.422727272727273
5,Tuesday,10,otono,220,3.3768181818181815
15,Saturday,9,otono,220,3.200909090909091
0,Tuesday,12,invierno,220,3.495
0,Friday,10,otono,220,3.4686363636363637
22,Wednesday,12,invierno,220,3.4695454545454543
4,Wednesday,11,otono,220,3.536818181818182
3,Friday,10,otono,220,3.3654545454545453
2,Tuesday,7,verano,219,3.4926940639269404
20,Sunday,2,invierno,219,3.490867579908676
16,Friday,1,invierno,219,3.5315068493150683
22,Wednesday,9,otono,219,3.349771689497717
23,Friday,3,primavera,219,3.597716894977169
21,Tuesday,11,otono,219,3.5351598173515986
6,Wednesday,11,otono,219,3.480365296803653
6,Thursday,1,invierno,219,3.521917808219178
1,Friday,2,invierno,218,3.5027522935779816
5,Friday,2,invierno,218,3.5059633027522934
6,Monday,10,otono,218,3.208715596330275
5,Tuesday,2,invierno,218,3.5389908256880735
22,Wednesday,1,invierno,218,3.5357798165137613
0,Friday,3,primavera,218,3.621559633027523
5,Friday,10,otono,218,3.2775229357798166
23,Thursday,9,otono,218,3.3678899082568807
5,Saturday,10,otono,218,3.122477064220184
5,Thursday,1,invierno,217,3.4990783410138246
1,Monday,9,otono,217,3.2534562211981566
5,Thursday,3,primavera,217,3.6133640552995394
15,Friday,1,invierno,217,3.5889400921658985
5,Saturday,11,otono,217,3.4654377880184333
6,Saturday,1,invierno,217,3.4963133640553
2,Friday,12,invierno,217,3.5221198156682028
3,Monday,3,primavera,217,3.6276497695852536
18,Saturday,9,otono,217,3.146082949308756
22,Wednesday,2,invierno,217,3.4838709677419355
5,Saturday,2,invierno,217,3.4820276497695852
23,Tuesday,12,invierno,217,3.5764976958525345
20,Wednesday,11,otono,216,3.5217592592592593
1,Thursday,11,otono,216,3.388425925925926
9,Sunday,12,invierno,216,3.475925925925926
23,Thursday,2,invierno,216,3.548148148148148
6,Sunday,3,primavera,216,3.5180555555555553
2,Wednesday,3,primavera,216,3.524537037037037
2,Saturday,3,primavera,216,3.576388888888889
8,Thursday,10,otono,216,3.314814814814815
6,Sunday,12,invierno,216,3.471759259259259
5,Sunday,11,otono,216,3.4199074074074076
21,Wednesday,1,invierno,216,3.5703703703703704
18,Monday,2,invierno,216,3.397222222222222
23,Monday,2,invierno,215,3.493488372093023
22,Saturday,1,invierno,215,3.511627906976744
1,Sunday,12,invierno,215,3.5441860465116277
1,Wednesday,2,invierno,215,3.538139534883721
20,Tuesday,10,otono,215,3.3916279069767445
21,Tuesday,9,otono,215,3.3753488372093026
1,Friday,3,primavera,215,3.6353488372093024
21,Monday,10,otono,214,3.463551401869159
18,Tuesday,11,otono,214,3.520560747663551
3,Sunday,9,otono,214,3.418691588785047
4,Tuesday,12,invierno,214,3.455607476635514
2,Saturday,6,verano,214,3.595327102803738
4,Tuesday,7,verano,214,3.522429906542056
8,Wednesday,9,otono,214,3.208411214953271
16,Saturday,10,otono,214,3.177570093457944
1,Friday,10,otono,214,3.289252336448598
3,Wednesday,5,primavera,214,3.6135514018691586
6,Monday,7,verano,214,3.5163551401869158
21,Sunday,2,invierno,213,3.5192488262910797
5,Tuesday,3,primavera,213,3.556807511737089
6,Wednesday,2,invierno,213,3.3943661971830985
22,Monday,11,otono,213,3.524882629107981
9,Sunday,2,invierno,213,3.2906103286384973
17,Sunday,1,invierno,213,3.4892018779342724
0,Sunday,12,invierno,213,3.5600938967136146
18,Wednesday,9,otono,213,3.334272300469484
23,Friday,6,verano,213,3.581220657276995
5,Monday,1,invierno,213,3.566666666666667
23,Friday,2,invierno,213,3.5333333333333337
16,Thursday,12,invierno,213,3.4253521126760567
1,Friday,9,otono,212,3.3735849056603775
5,Wednesday,12,invierno,212,3.4674528301886793
4,Monday,10,otono,212,3.218867924528302
9,Sunday,9,otono,212,3.223584905660377
7,Tuesday,1,invierno,212,3.526415094339623
5,Monday,3,primavera,212,3.5226415094339623
2,Monday,1,invierno,212,3.582547169811321
5,Thursday,11,otono,212,3.3867924528301887
21,Friday,12,invierno,211,3.5274881516587677
4,Monday,5,primavera,211,3.6137440758293837
4,Monday,11,otono,211,3.4720379146919433
7,Sunday,3,primavera,211,3.52654028436019
4,Monday,3,primavera,211,3.5417061611374407
3,Wednesday,12,invierno,211,3.479620853080569
22,Sunday,12,invierno,211,3.5180094786729854
4,Sunday,9,otono,211,3.4156398104265406
15,Tuesday,2,invierno,211,3.4677725118483416
19,Saturday,9,otono,211,3.3341232227488153
2,Sunday,3,primavera,211,3.5331753554502368
2,Monday,7,verano,211,3.518483412322275
4,Sunday,2,invierno,211,3.4066350710900473
5,Friday,12,invierno,211,3.5322274881516584
0,Sunday,11,otono,211,3.512322274881517
11,Sunday,9,otono,211,3.227488151658768
23,Tuesday,3,primavera,211,3.576777251184834
0,Monday,9,otono,210,3.350952380952381
17,Saturday,9,otono,210,3.3971428571428572
18,Sunday,10,otono,210,3.320952380952381
13,Sunday,1,invierno,210,3.4995238095238093
23,Monday,3,primavera,210,3.586666666666667
21,Friday,11,otono,210,3.5585714285714283
20,Saturday,2,invierno,210,3.5238095238095237
9,Friday,9,otono,210,3.400952380952381
21,Tuesday,10,otono,210,3.5304761904761905
6,Monday,1,invierno,210,3.5566666666666666
21,Friday,3,primavera,210,3.6066666666666665
4,Friday,2,invierno,210,3.52952380952381
1,Monday,11,otono,210,3.5552380952380953
21,Tuesday,1,invierno,209,3.521531100478469
21,Friday,10,otono,209,3.258851674641148
21,Monday,1,invierno,209,3.60622009569378
18,Tuesday,9,otono,209,3.511004784688995
5,Friday,3,primavera,209,3.6215311004784687
23,Tuesday,4,primavera,209,3.614354066985646
19,Sunday,1,invierno,209,3.583732057416268
12,Tuesday,9,otono,209,3.4143540669856463
22,Saturday,11,otono,208,3.545673076923077
6,Tuesday,2,invierno,208,3.4682692307692307
15,Tuesday,1,invierno,208,3.5326923076923076
0,Tuesday,7,verano,208,3.5653846153846156
10,Sunday,2,invierno,208,3.4615384615384617
0,Wednesday,12,invierno,208,3.4826923076923078
2,Tuesday,11,otono,208,3.4528846153846158
3,Saturday,2,invierno,208,3.5576923076923075
11,Thursday,10,otono,208,3.244230769230769
5,Saturday,7,verano,208,3.5384615384615383
22,Saturday,9,otono,207,3.3719806763285023
22,Friday,12,invierno,207,3.5917874396135265
22,Sunday,9,otono,207,3.281159420289855
3,Wednesday,3,primavera,207,3.5357487922705313
22,Friday,3,primavera,207,3.551207729468599
3,Monday,12,invierno,207,3.4096618357487922
0,Friday,11,otono,207,3.531400966183575
22,Monday,3,primavera,207,3.577777777777778
4,Monday,9,otono,207,3.368115942028986
2,Thursday,7,verano,207,3.5792270531400967
19,Friday,2,invierno,207,3.608695652173913
0,Wednesday,7,verano,207,3.5188405797101447
2,Sunday,12,invierno,206,3.529611650485437
6,Tuesday,4,primavera,206,3.562135922330097
13,Saturday,2,invierno,206,3.5315533980582523
4,Friday,11,otono,206,3.5029126213592234
23,Sunday,9,otono,206,3.4262135922330095
23,Friday,11,otono,206,3.5509708737864076
19,Tuesday,1,invierno,206,3.528155339805825
23,Wednesday,12,invierno,206,3.5432038834951456
11,Thursday,9,otono,206,3.289320388349515
8,Thursday,9,otono,206,3.3524271844660194
22,Friday,2,invierno,206,3.564563106796116
21,Tuesday,2,invierno,206,3.4800970873786405
2,Friday,5,primavera,206,3.558252427184466
4,Wednesday,2,invierno,206,3.5116504854368933
2,Saturday,4,primavera,206,3.6150485436893205
16,Saturday,12,invierno,206,3.60631067961165
5,Wednesday,2,invierno,205,3.5380487804878045
21,Thursday,12,invierno,205,3.602439024390244
4,Thursday,3,primavera,205,3.5819512195121948
18,Saturday,10,otono,205,3.168780487804878
23,Wednesday,10,otono,205,3.4409756097560975
22,Saturday,12,invierno,205,3.5253658536585366
1,Sunday,3,primavera,205,3.5546341463414635
4,Saturday,7,verano,205,3.555609756097561
1,Monday,2,invierno,205,3.479024390243903
2,Wednesday,11,otono,205,3.5609756097560976
20,Wednesday,9,otono,205,3.275121951219512
12,Sunday,1,invierno,205,3.5317073170731708
13,Monday,9,otono,205,3.5624390243902435
10,Friday,1,invierno,205,3.593170731707317
6,Thursday,12,invierno,205,3.509268292682927
20,Friday,2,invierno,205,3.4965853658536585
22,Monday,1,invierno,205,3.548780487804878
4,Monday,4,primavera,205,3.622439024390244
14,Thursday,9,otono,205,3.2404878048780485
12,Saturday,9,otono,204,3.407352941176471
3,Sunday,3,primavera,204,3.5671568627450982
1,Monday,5,primavera,204,3.6176470588235294
4,Friday,3,primavera,204,3.569607843137255
3,Monday,2,invierno,204,3.5348039215686278
18,Tuesday,1,invierno,204,3.5127450980392156
6,Saturday,10,otono,204,3.1666666666666665
10,Monday,9,otono,204,3.4088235294117646
6,Wednesday,10,otono,204,3.343137254901961
5,Tuesday,12,invierno,204,3.5656862745098037
23,Saturday,11,otono,204,3.501470588235294
1,Thursday,2,invierno,204,3.5387254901960783
4,Saturday,4,primavera,204,3.613235294117647
19,Sunday,9,otono,204,3.308333333333333
21,Saturday,10,otono,203,3.4408866995073892
3,Thursday,8,verano,203,3.5876847290640392
23,Tuesday,11,otono,203,3.4935960591133006
22,Saturday,3,primavera,203,3.5591133004926108
3,Sunday,11,otono,203,3.476354679802956
23,Saturday,1,invierno,203,3.5270935960591134
19,Saturday,1,invierno,203,3.4073891625615764
3,Tuesday,11,otono,203,3.3600985221674877
2,Friday,2,invierno,203,3.6192118226600987
8,Monday,2,invierno,203,3.4004926108374383
5,Tuesday,7,verano,203,3.601970443349754
21,Thursday,10,otono,203,3.3945812807881777
3,Sunday,2,invierno,203,3.5113300492610837
23,Tuesday,1,invierno,203,3.5532019704433497
3,Saturday,6,verano,203,3.5517241379310347
21,Monday,12,invierno,203,3.573399014778325
22,Thursday,10,otono,202,3.2539603960396035
5,Sunday,12,invierno,202,3.5381188118811884
0,Monday,6,verano,202,3.6435643564356437
22,Thursday,12,invierno,202,3.5351485148514854
20,Saturday,12,invierno,202,3.5787128712871286
4,Saturday,6,verano,202,3.597029702970297
5,Sunday,8,verano,202,3.592574257425743
22,Monday,12,invierno,202,3.452970297029703
16,Sunday,12,invierno,202,3.4445544554455445
6,Friday,11,otono,202,3.360891089108911
2,Tuesday,4,primavera,201,3.5601990049751246
2,Monday,3,primavera,201,3.616915422885572
13,Tuesday,1,invierno,201,3.51044776119403
13,Tuesday,9,otono,201,3.406965174129353
0,Sunday,8,verano,201,3.548258706467662
21,Saturday,12,invierno,201,3.4656716417910447
11,Sunday,1,invierno,201,3.4805970149253733
4,Thursday,1,invierno,201,3.5492537313432835
2,Wednesday,12,invierno,201,3.54228855721393
3,Thursday,12,invierno,201,3.462189054726368
6,Monday,2,invierno,201,3.490547263681592
5,Friday,11,otono,201,3.4363184079601994
21,Thursday,1,invierno,201,3.582587064676617
20,Tuesday,12,invierno,201,3.543781094527363
5,Sunday,4,primavera,201,3.6109452736318404
22,Monday,7,verano,201,3.537810945273632
6,Wednesday,1,invierno,201,3.5358208955223884
6,Friday,10,otono,200,3.437
23,Saturday,9,otono,200,3.4539999999999997
21,Wednesday,3,primavera,200,3.57
17,Tuesday,9,otono,200,3.2910000000000004
14,Friday,1,invierno,200,3.5825
21,Monday,3,primavera,200,3.5175
23,Thursday,3,primavera,200,3.565
14,Sunday,12,invierno,200,3.5265
19,Tuesday,11,otono,200,3.525
5,Saturday,12,invierno,200,3.4665
2,Tuesday,3,primavera,200,3.57
1,Wednesday,3,primavera,200,3.6264999999999996
4,Tuesday,11,otono,199,3.301005025125628
4,Thursday,4,primavera,199,3.6100502512562813
10,Wednesday,9,otono,199,3.1668341708542718
6,Saturday,12,invierno,199,3.375376884422111
3,Monday,6,verano,199,3.609547738693467
21,Sunday,3,primavera,199,3.5924623115577887
2,Thursday,4,primavera,199,3.658291457286432
23,Saturday,12,invierno,199,3.533668341708543
4,Friday,7,verano,199,3.5155778894472363
9,Sunday,1,invierno,199,3.514070351758794
20,Sunday,10,otono,199,3.3412060301507536
15,Sunday,2,invierno,199,3.478391959798995
2,Monday,11,otono,199,3.5547738693467337
23,Monday,7,verano,199,3.6055276381909547
5,Wednesday,3,primavera,199,3.601005025125628
21,Sunday,12,invierno,198,3.606060606060606
9,Monday,2,invierno,198,3.4525252525252528
9,Monday,9,otono,198,3.4737373737373733
9,Tuesday,9,otono,198,3.2323232323232323
3,Tuesday,3,primavera,198,3.5883838383838382
14,Monday,9,otono,198,3.482828282828283
15,Sunday,1,invierno,198,3.5348484848484847
2,Wednesday,7,verano,198,3.5363636363636366
1,Sunday,2,invierno,198,3.5176767676767677
11,Sunday,6,verano,198,3.581818181818182
22,Tuesday,7,verano,198,3.528787878787879
11,Friday,9,otono,198,3.3353535353535353
20,Friday,11,otono,198,3.5353535353535355
15,Sunday,9,otono,198,3.2772727272727273
9,Friday,1,invierno,198,3.545959595959596
9,Friday,12,invierno,198,3.557070707070707
4,Sunday,5,primavera,198,3.6585858585858584
17,Tuesday,1,invierno,198,3.534343434343434
20,Sunday,9,otono,198,3.340909090909091
4,Thursday,8,verano,198,3.6035353535353534
22,Wednesday,4,primavera,198,3.556565656565657
18,Wednesday,2,invierno,198,3.5212121212121215
19,Friday,1,invierno,198,3.508585858585859
19,Monday,2,invierno,198,3.482828282828283
21,Wednesday,12,invierno,197,3.4984771573604063
14,Sunday,9,otono,197,3.4685279187817257
6,Tuesday,10,otono,197,3.3213197969543145
13,Sunday,2,invierno,197,3.4624365482233506
20,Friday,10,otono,197,3.3756345177664975
4,Wednesday,3,primavera,197,3.578172588832487
10,Saturday,9,otono,197,3.4401015228426397
0,Monday,12,invierno,197,3.53502538071066
23,Wednesday,3,primavera,197,3.6274111675126903
20,Sunday,11,otono,197,3.5197969543147205
7,Thursday,9,otono,197,3.317766497461929
14,Sunday,3,primavera,196,3.572448979591837
6,Sunday,11,otono,196,3.4770408163265305
0,Monday,4,primavera,196,3.639795918367347
20,Saturday,10,otono,196,3.443877551020408
20,Friday,9,otono,196,3.5770408163265306
19,Thursday,1,invierno,196,3.6158163265306125
22,Tuesday,12,invierno,196,3.544387755102041
6,Friday,12,invierno,196,3.4770408163265305
9,Thursday,9,otono,196,3.3872448979591834
2,Friday,3,primavera,196,3.597448979591837
4,Tuesday,3,primavera,196,3.537755102040816
16,Tuesday,9,otono,196,3.3454081632653065
7,Friday,9,otono,196,3.3270408163265306
1,Saturday,6,verano,196,3.614795918367347
2,Sunday,7,verano,196,3.5581632653061224
0,Tuesday,11,otono,196,3.517857142857143
1,Tuesday,7,verano,196,3.525
6,Wednesday,6,verano,196,3.562755102040816
21,Saturday,1,invierno,196,3.4989795918367346
12,Sunday,9,otono,196,3.2448979591836733
13,Sunday,3,primavera,196,3.544387755102041
13,Tuesday,10,otono,196,3.4739795918367347
18,Friday,11,otono,195,3.56974358974359
19,Wednesday,9,otono,195,3.2989743589743585
10,Sunday,3,primavera,195,3.533846153846154
0,Saturday,4,primavera,195,3.590769230769231
1,Sunday,9,otono,195,3.5005128205128204
0,Wednesday,5,primavera,195,3.5733333333333333
22,Thursday,3,primavera,195,3.5774358974358975
9,Sunday,10,otono,195,3.301538461538461
21,Sunday,11,otono,195,3.6205128205128205
11,Tuesday,9,otono,195,3.2989743589743585
21,Sunday,1,invierno,195,3.5533333333333332
22,Thursday,2,invierno,195,3.527179487179487
5,Wednesday,4,primavera,195,3.612820512820513
1,Thursday,12,invierno,195,3.5297435897435894
16,Saturday,1,invierno,195,3.4928205128205128
17,Thursday,1,invierno,195,3.594358974358974
5,Monday,12,invierno,195,3.517948717948718
2,Saturday,7,verano,195,3.5358974358974358
0,Tuesday,4,primavera,194,3.5283505154639174
0,Monday,11,otono,194,3.507216494845361
21,Tuesday,3,primavera,194,3.515463917525773
9,Wednesday,9,otono,194,3.301546391752577
19,Saturday,10,otono,194,3.0917525773195873
11,Sunday,10,otono,194,3.2783505154639174
18,Tuesday,12,invierno,194,3.4298969072164947
14,Sunday,2,invierno,194,3.540721649484536
6,Thursday,2,invierno,194,3.4505154639175255
21,Saturday,2,invierno,194,3.605154639175258
22,Sunday,11,otono,193,3.4772020725388604
3,Friday,11,otono,193,3.3901554404145076
0,Friday,4,primavera,193,3.649222797927461
13,Friday,9,otono,193,3.4694300518134717
12,Sunday,2,invierno,193,3.5072538860103624
23,Sunday,2,invierno,193,3.477720207253886
23,Sunday,5,primavera,193,3.6336787564766837
1,Monday,3,primavera,193,3.635751295336788
4,Sunday,4,primavera,193,3.660103626943005
4,Friday,4,primavera,193,3.616580310880829
1,Thursday,6,verano,193,3.650259067357513
21,Wednesday,10,otono,193,3.3424870466321246
8,Sunday,3,primavera,193,3.54300518134715
7,Saturday,1,invierno,193,3.4720207253886013
22,Tuesday,5,primavera,193,3.598445595854922
23,Wednesday,4,primavera,193,3.610362694300518
22,Tuesday,3,primavera,192,3.5229166666666667
0,Tuesday,8,verano,192,3.563541666666667
0,Tuesday,6,verano,192,3.5755208333333335
20,Thursday,9,otono,192,3.422916666666667
7,Sunday,12,invierno,192,3.4416666666666664
17,Wednesday,2,invierno,192,3.532291666666667
7,Sunday,11,otono,192,3.3958333333333335
4,Wednesday,5,primavera,192,3.5364583333333335
19,Tuesday,2,invierno,192,3.5197916666666664
4,Monday,6,verano,192,3.6302083333333335
16,Thursday,1,invierno,192,3.4609375
21,Sunday,9,otono,192,3.384895833333333
0,Thursday,7,verano,192,3.5442708333333335
21,Thursday,2,invierno,192,3.5187500000000003
6,Monday,11,otono,192,3.4427083333333335
6,Wednesday,12,invierno,192,3.5005208333333333
6,Friday,2,invierno,192,3.453125
12,Monday,12,invierno,192,3.571354166666667
23,Monday,11,otono,192,3.5619791666666667
8,Friday,11,otono,191,3.553403141361257
8,Monday,9,otono,191,3.443455497382199
4,Wednesday,6,verano,191,3.65130890052356
18,Thursday,10,otono,191,3.4146596858638745
20,Thursday,2,invierno,191,3.5193717277486916
7,Saturday,2,invierno,191,3.456544502617801
13,Wednesday,10,otono,191,3.5104712041884816
3,Tuesday,12,invierno,191,3.4900523560209424
15,Tuesday,9,otono,191,3.387434554973822
20,Wednesday,10,otono,191,3.5633507853403144
2,Sunday,11,otono,191,3.505759162303665
23,Sunday,11,otono,191,3.519895287958115
2,Sunday,9,otono,191,3.300523560209424
15,Monday,2,invierno,191,3.4769633507853404
19,Wednesday,1,invierno,191,3.6460732984293194
5,Monday,5,primavera,191,3.610994764397906
5,Wednesday,6,verano,191,3.6277486910994763
12,Sunday,10,otono,191,3.356544502617801
6,Sunday,5,primavera,191,3.6099476439790577
9,Tuesday,1,invierno,191,3.526701570680628
0,Thursday,6,verano,191,3.614659685863874
5,Saturday,3,primavera,190,3.5652631578947367
18,Wednesday,12,invierno,190,3.5763157894736843
1,Wednesday,5,primavera,190,3.6157894736842104
14,Saturday,11,otono,190,3.502105263157895
2,Tuesday,5,primavera,190,3.5973684210526318
15,Sunday,3,primavera,190,3.513684210526316
9,Saturday,9,otono,190,3.46
12,Sunday,3,primavera,190,3.5478947368421054
3,Friday,4,primavera,190,3.65
13,Tuesday,3,primavera,190,3.528421052631579
12,Friday,11,otono,190,3.5052631578947366
12,Friday,9,otono,190,3.4194736842105264
1,Wednesday,11,otono,190,3.473684210526316
20,Sunday,1,invierno,190,3.5910526315789473
11,Monday,2,invierno,190,3.427894736842105
5,Friday,7,verano,189,3.6185185185185182
2,Friday,11,otono,189,3.450793650793651
11,Monday,9,otono,189,3.5063492063492068
16,Monday,2,invierno,189,3.4603174603174605
21,Tuesday,12,invierno,189,3.5222222222222226
13,Thursday,9,otono,189,3.3000000000000003
6,Thursday,3,primavera,189,3.5201058201058197
2,Wednesday,6,verano,189,3.622751322751323
23,Saturday,3,primavera,189,3.5756613756613755
15,Saturday,12,invierno,189,3.5423280423280423
16,Tuesday,2,invierno,189,3.3968253968253967
3,Friday,2,invierno,189,3.568253968253968
2,Wednesday,4,primavera,188,3.5797872340425534
3,Thursday,7,verano,188,3.5202127659574467
3,Saturday,5,primavera,188,3.6159574468085105
14,Saturday,1,invierno,188,3.529255319148936
12,Sunday,11,otono,188,3.601063829787234
3,Thursday,5,primavera,188,3.6175531914893617
11,Wednesday,9,otono,188,3.3122340425531918
15,Sunday,10,otono,188,3.5734042553191485
5,Sunday,7,verano,188,3.536170212765957
19,Tuesday,12,invierno,188,3.5531914893617023
19,Friday,9,otono,188,3.4117021276595745
11,Sunday,12,invierno,188,3.456382978723404
18,Sunday,3,primavera,188,3.5617021276595744
4,Saturday,8,verano,188,3.5398936170212765
9,Saturday,2,invierno,188,3.3622340425531916
19,Thursday,11,otono,188,3.529255319148936
4,Friday,6,verano,187,3.677540106951872
7,Friday,10,otono,187,3.4197860962566846
1,Sunday,4,primavera,187,3.6347593582887705
20,Wednesday,1,invierno,187,3.6310160427807485
23,Monday,12,invierno,187,3.5588235294117645
0,Wednesday,6,verano,187,3.556149732620321
8,Wednesday,11,otono,187,3.536898395721925
2,Thursday,6,verano,187,3.6315508021390377
17,Tuesday,10,otono,187,3.3839572192513367
20,Sunday,3,primavera,187,3.5438502673796792
22,Sunday,4,primavera,187,3.6491978609625666
18,Sunday,1,invierno,187,3.5502673796791444
6,Friday,7,verano,187,3.5256684491978607
7,Saturday,10,otono,187,3.242245989304813
1,Wednesday,12,invierno,187,3.5770053475935826
20,Thursday,3,primavera,187,3.5625668449197865
4,Tuesday,5,primavera,187,3.6133689839572196
10,Wednesday,10,otono,186,3.3548387096774195
2,Monday,4,primavera,186,3.5978494623655917
16,Tuesday,10,otono,186,3.3381720430107524
8,Sunday,1,invierno,186,3.517204301075269
11,Saturday,9,otono,186,3.3768817204301076
23,Thursday,6,verano,186,3.5876344086021503
22,Thursday,11,otono,186,3.5198924731182797
22,Sunday,7,verano,186,3.5908602150537634
23,Wednesday,6,verano,186,3.591935483870968
4,Friday,12,invierno,186,3.5655913978494627
7,Monday,2,invierno,186,3.5306451612903227
1,Thursday,7,verano,186,3.486559139784946
14,Saturday,3,primavera,186,3.5521505376344087
14,Tuesday,3,primavera,186,3.604301075268817
21,Monday,11,otono,186,3.5274193548387096
1,Friday,11,otono,186,3.5021505376344084
1,Friday,8,verano,186,3.593548387096774
7,Saturday,9,otono,186,3.4021505376344083
17,Tuesday,12,invierno,186,3.553225806451613
14,Sunday,10,otono,186,3.3123655913978496
20,Wednesday,2,invierno,186,3.463978494623656
5,Saturday,5,primavera,186,3.506451612903226
2,Saturday,8,verano,186,3.5940860215053765
19,Saturday,12,invierno,186,3.5344086021505374
4,Thursday,5,primavera,186,3.567204301075269
11,Sunday,3,primavera,186,3.5483870967741935
1,Saturday,4,primavera,185,3.647567567567567
18,Monday,1,invierno,185,3.5216216216216214
2,Tuesday,8,verano,185,3.5178378378378374
15,Wednesday,1,invierno,185,3.5259459459459457
20,Wednesday,3,primavera,185,3.5551351351351355
7,Monday,1,invierno,185,3.5556756756756753
4,Friday,5,primavera,185,3.581081081081081
12,Friday,10,otono,185,3.254054054054054
2,Thursday,12,invierno,185,3.5172972972972976
1,Sunday,8,verano,185,3.5216216216216214
16,Sunday,9,otono,185,3.368108108108108
16,Saturday,2,invierno,185,3.442162162162162
16,Thursday,9,otono,185,3.3064864864864867
20,Tuesday,3,primavera,185,3.568648648648649
22,Saturday,10,otono,185,3.2621621621621624
22,Monday,4,primavera,185,3.5243243243243243
18,Saturday,12,invierno,185,3.608108108108108
11,Friday,2,invierno,185,3.2913513513513513
3,Monday,5,primavera,185,3.641621621621622
2,Friday,7,verano,185,3.545945945945946
3,Monday,11,otono,185,3.516216216216216
23,Thursday,11,otono,185,3.4994594594594592
19,Sunday,3,primavera,185,3.5637837837837836
20,Monday,3,primavera,185,3.587567567567568
7,Sunday,2,invierno,184,3.3869565217391306
8,Saturday,12,invierno,184,3.5179347826086955
18,Tuesday,2,invierno,184,3.458152173913043
18,Tuesday,3,primavera,184,3.5929347826086957
18,Tuesday,6,verano,184,3.536413043478261
5,Monday,7,verano,184,3.489130434782609
7,Thursday,10,otono,184,3.242391304347826
0,Monday,5,primavera,184,3.6494565217391304
22,Monday,5,primavera,184,3.560326086956522
5,Thursday,4,primavera,184,3.6092391304347826
3,Saturday,8,verano,184,3.5630434782608695
12,Monday,8,verano,184,3.413586956521739
10,Thursday,10,otono,184,3.402717391304348
3,Saturday,7,verano,184,3.616304347826087
3,Friday,3,primavera,184,3.572282608695652
6,Tuesday,12,invierno,184,3.4831521739130435
21,Saturday,9,otono,184,3.4293478260869565
12,Tuesday,1,invierno,184,3.554891304347826
1,Tuesday,11,otono,184,3.5288043478260867
1,Thursday,4,primavera,184,3.6293478260869563
23,Saturday,10,otono,184,3.319021739130435
9,Thursday,10,otono,184,3.2989130434782608
12,Thursday,10,otono,184,3.4222826086956526
22,Sunday,6,verano,184,3.6282608695652177
1,Saturday,7,verano,184,3.5342391304347824
9,Saturday,1,invierno,183,3.4360655737704917
13,Tuesday,11,otono,183,3.478688524590164
9,Wednesday,10,otono,183,3.4306010928961745
13,Saturday,1,invierno,183,3.4934426229508193
15,Wednesday,9,otono,183,3.45464480874317
2,Monday,6,verano,183,3.6224043715846994
5,Friday,4,primavera,183,3.6207650273224044
7,Wednesday,10,otono,183,3.2759562841530054
18,Thursday,11,otono,183,3.4579234972677595
8,Tuesday,1,invierno,183,3.5497267759562843
17,Wednesday,1,invierno,183,3.572131147540984
8,Wednesday,1,invierno,183,3.515300546448087
19,Wednesday,10,otono,183,3.5136612021857925
11,Friday,1,invierno,183,3.5759562841530053
7,Wednesday,1,invierno,183,3.5475409836065577
20,Thursday,11,otono,183,3.5918032786885243
5,Monday,11,otono,183,3.469398907103825
0,Saturday,8,verano,183,3.5333333333333337
10,Saturday,7,verano,183,3.5797814207650274
23,Friday,7,verano,182,3.5670329670329672
20,Monday,1,invierno,182,3.5741758241758244
19,Monday,12,invierno,182,3.4945054945054945
23,Friday,4,primavera,182,3.6456043956043955
5,Sunday,6,verano,182,3.568681318681319
17,Tuesday,2,invierno,182,3.4796703296703293
18,Monday,12,invierno,182,3.5318681318681318
4,Thursday,7,verano,182,3.5280219780219784
17,Friday,2,invierno,182,3.5373626373626372
3,Wednesday,4,primavera,182,3.524175824175824
8,Tuesday,12,invierno,182,3.526923076923077
1,Tuesday,3,primavera,182,3.6021978021978023
1,Sunday,7,verano,182,3.551098901098901
21,Saturday,11,otono,182,3.5379120879120878
0,Thursday,4,primavera,182,3.6554945054945054
14,Friday,2,invierno,182,3.493406593406593
0,Wednesday,4,primavera,182,3.524175824175824
18,Wednesday,1,invierno,182,3.5280219780219784
17,Wednesday,3,primavera,181,3.607182320441989
18,Friday,1,invierno,181,3.532596685082873
18,Sunday,12,invierno,181,3.512154696132597
3,Saturday,4,primavera,181,3.598342541436464
20,Saturday,9,otono,181,3.3640883977900553
7,Thursday,11,otono,181,3.5861878453038676
5,Saturday,4,primavera,181,3.6453038674033147
4,Thursday,6,verano,181,3.613259668508287
15,Saturday,1,invierno,181,3.544198895027624
23,Sunday,12,invierno,181,3.5508287292817684
2,Sunday,6,verano,181,3.610497237569061
16,Monday,12,invierno,181,3.51767955801105
2,Tuesday,6,verano,181,3.5281767955801104
16,Sunday,3,primavera,181,3.5574585635359113
23,Monday,4,primavera,181,3.6127071823204417
12,Tuesday,3,primavera,181,3.6580110497237572
9,Thursday,2,invierno,181,3.5535911602209946
14,Monday,8,verano,181,3.298342541436464
6,Thursday,11,otono,181,3.5386740331491713
6,Sunday,8,verano,181,3.513259668508287
23,Wednesday,7,verano,181,3.538121546961326
12,Monday,2,invierno,181,3.4569060773480667
10,Monday,3,primavera,181,3.564640883977901
14,Tuesday,12,invierno,180,3.565555555555555
3,Tuesday,6,verano,180,3.592777777777778
21,Thursday,11,otono,180,3.503888888888889
5,Friday,8,verano,180,3.3988888888888886
13,Thursday,10,otono,180,3.566111111111111
11,Monday,10,otono,180,3.286111111111111
22,Wednesday,5,primavera,180,3.4377777777777774
18,Friday,9,otono,180,3.316666666666667
10,Thursday,3,primavera,180,3.541111111111111
8,Sunday,2,invierno,180,3.467777777777778
10,Tuesday,10,otono,179,3.537988826815642
23,Saturday,6,verano,179,3.619553072625698
15,Friday,9,otono,179,3.543575418994413
16,Sunday,1,invierno,179,3.5279329608938546
17,Monday,2,invierno,179,3.446368715083799
1,Sunday,6,verano,179,3.63072625698324
15,Thursday,9,otono,179,3.5575418994413406
7,Tuesday,10,otono,179,3.3776536312849164
21,Friday,5,primavera,179,3.66145251396648
22,Friday,4,primavera,179,3.594413407821229
22,Friday,5,primavera,179,3.575977653631285
18,Wednesday,10,otono,179,3.470949720670391
0,Friday,5,primavera,179,3.6089385474860336
22,Friday,7,verano,179,3.51340782122905
23,Wednesday,5,primavera,179,3.606145251396648
3,Tuesday,7,verano,179,3.5972067039106146
19,Monday,1,invierno,179,3.5217877094972065
13,Sunday,10,otono,179,3.429608938547486
13,Thursday,1,invierno,179,3.49608938547486
8,Saturday,2,invierno,179,3.281564245810056
17,Wednesday,9,otono,179,3.4385474860335195
8,Thursday,1,invierno,179,3.484916201117318
22,Wednesday,7,verano,179,3.5312849162011175
14,Monday,2,invierno,179,3.539664804469274
8,Saturday,10,otono,179,3.235754189944134
20,Monday,2,invierno,179,3.5234636871508385
9,Sunday,11,otono,178,3.5224719101123596
11,Thursday,2,invierno,178,3.4831460674157304
14,Tuesday,5,primavera,178,3.5747191011235953
15,Tuesday,7,verano,178,3.5286516853932586
15,Sunday,12,invierno,178,3.58876404494382
14,Thursday,3,primavera,178,3.5466292134831456
8,Saturday,1,invierno,178,3.4157303370786516
17,Tuesday,11,otono,178,3.4865168539325846
6,Monday,12,invierno,178,3.3814606741573034
9,Wednesday,3,primavera,178,3.55561797752809
1,Wednesday,4,primavera,178,3.6202247191011234
19,Thursday,12,invierno,178,3.5488764044943824
2,Wednesday,5,primavera,178,3.634831460674157
0,Sunday,5,primavera,178,3.6168539325842692
20,Monday,4,primavera,178,3.6589887640449437
23,Sunday,7,verano,178,3.58876404494382
14,Sunday,4,primavera,177,3.633898305084746
15,Saturday,10,otono,177,3.4779661016949155
16,Sunday,2,invierno,177,3.503954802259887
14,Tuesday,1,invierno,177,3.5050847457627117
14,Thursday,12,invierno,177,3.5604519774011303
19,Wednesday,12,invierno,177,3.5146892655367235
19,Thursday,9,otono,177,3.4717514124293785
11,Sunday,2,invierno,177,3.4762711864406777
14,Sunday,7,verano,177,3.596045197740113
14,Monday,4,primavera,177,3.5610169491525423
1,Sunday,11,otono,177,3.5259887005649717
8,Sunday,11,otono,177,3.52316384180791
8,Sunday,12,invierno,177,3.609604519774011
6,Sunday,4,primavera,177,3.617514124293785
12,Monday,9,otono,177,3.436723163841808
21,Thursday,3,primavera,177,3.565536723163842
6,Tuesday,7,verano,177,3.498870056497175
20,Thursday,10,otono,177,3.3757062146892656
20,Tuesday,5,primavera,177,3.5514124293785314
13,Monday,2,invierno,177,3.534463276836158
7,Sunday,7,verano,177,3.573446327683616
13,Friday,10,otono,177,3.3870056497175143
3,Sunday,5,primavera,177,3.6706214689265537
6,Friday,3,primavera,177,3.544067796610169
4,Wednesday,4,primavera,177,3.598870056497175
22,Monday,6,verano,177,3.571186440677966
5,Tuesday,8,verano,177,3.527118644067796
0,Monday,8,verano,177,3.5864406779661016
15,Saturday,2,invierno,177,3.484745762711864
10,Tuesday,1,invierno,176,3.565340909090909
23,Saturday,7,verano,176,3.5778409090909093
14,Wednesday,11,otono,176,3.527272727272727
16,Wednesday,9,otono,176,3.36875
5,Friday,6,verano,176,3.628977272727273
13,Sunday,9,otono,176,3.2880681818181823
7,Wednesday,3,primavera,176,3.5568181818181817
8,Thursday,11,otono,176,3.5744318181818184
9,Thursday,11,otono,176,3.564772727272727
10,Sunday,1,invierno,176,3.505113636363636
17,Thursday,11,otono,176,3.4681818181818183
6,Saturday,11,otono,176,3.3767045454545452
15,Thursday,1,invierno,176,3.533522727272727
15,Tuesday,11,otono,176,3.575
22,Saturday,7,verano,176,3.5642045454545452
7,Saturday,3,primavera,176,3.5414772727272723
12,Sunday,12,invierno,176,3.534090909090909
18,Sunday,9,otono,176,3.3142045454545452
9,Tuesday,2,invierno,176,3.536363636363636
9,Tuesday,10,otono,176,3.4522727272727276
16,Sunday,10,otono,175,3.3045714285714283
16,Thursday,11,otono,175,3.517714285714286
10,Sunday,12,invierno,175,3.4811428571428573
5,Monday,4,primavera,175,3.6811428571428575
14,Wednesday,10,otono,175,3.345142857142857
23,Thursday,4,primavera,175,3.630285714285714
17,Thursday,9,otono,175,3.3794285714285714
2,Thursday,5,primavera,175,3.6405714285714286
2,Thursday,8,verano,175,3.5662857142857143
18,Saturday,1,invierno,175,3.5028571428571427
13,Tuesday,2,invierno,175,3.414285714285714
14,Friday,9,otono,175,3.479428571428571
14,Friday,10,otono,175,3.4411428571428573
12,Friday,2,invierno,175,3.4388571428571426
10,Monday,12,invierno,175,3.4759999999999995
12,Thursday,9,otono,175,3.3662857142857145
11,Tuesday,1,invierno,175,3.58
19,Wednesday,3,primavera,175,3.5622857142857143
5,Wednesday,7,verano,175,3.6137142857142854
21,Wednesday,6,verano,175,3.6359999999999997
6,Sunday,6,verano,175,3.5617142857142854
23,Saturday,5,primavera,175,3.64
23,Tuesday,7,verano,175,3.5211428571428574
14,Saturday,10,otono,174,3.344252873563218
17,Monday,12,invierno,174,3.5183908045977015
1,Saturday,8,verano,174,3.536781609195402
9,Monday,3,primavera,174,3.4764367816091952
14,Tuesday,4,primavera,174,3.5902298850574716
12,Friday,12,invierno,174,3.500574712643678
2,Monday,5,primavera,174,3.5436781609195402
1,Saturday,5,primavera,174,3.6373563218390803
6,Thursday,7,verano,174,3.5022988505747126
9,Wednesday,1,invierno,174,3.6201149425287356
2,Wednesday,8,verano,174,3.574712643678161
1,Monday,7,verano,174,3.536781609195402
1,Friday,5,primavera,174,3.6063218390804597
12,Wednesday,2,invierno,174,3.5660919540229883
7,Friday,12,invierno,174,3.537931034482759
11,Monday,8,verano,174,3.528735632183908
4,Tuesday,6,verano,174,3.5678160919540227
11,Tuesday,12,invierno,174,3.50632183908046
6,Tuesday,11,otono,174,3.5275862068965513
16,Friday,11,otono,173,3.569942196531792
6,Tuesday,5,primavera,173,3.6138728323699425
21,Sunday,7,verano,173,3.648554913294798
6,Sunday,7,verano,173,3.5346820809248554
14,Monday,5,primavera,173,3.596531791907515
5,Thursday,12,invierno,173,3.501156069364162
4,Monday,7,verano,173,3.6115606936416182
6,Wednesday,8,verano,173,3.552601156069364
5,Tuesday,4,primavera,173,3.520231213872832
9,Sunday,5,primavera,173,3.6421965317919076
21,Thursday,7,verano,173,3.578612716763006
23,Friday,5,primavera,173,3.6017341040462427
17,Sunday,3,primavera,173,3.578612716763006
3,Wednesday,8,verano,173,3.5491329479768785
23,Saturday,4,primavera,173,3.582658959537572
18,Wednesday,11,otono,173,3.545086705202312
20,Saturday,1,invierno,173,3.5312138728323696
21,Friday,4,primavera,173,3.62485549132948
11,Saturday,12,invierno,173,3.600578034682081
17,Tuesday,6,verano,173,3.5872832369942196
6,Tuesday,3,primavera,173,3.4924855491329483
3,Monday,7,verano,173,3.559537572254335
0,Friday,6,verano,173,3.647398843930636
23,Sunday,6,verano,173,3.635260115606936
20,Tuesday,2,invierno,173,3.410982658959538
16,Friday,9,otono,173,3.475722543352601
0,Wednesday,3,primavera,172,3.6040697674418603
0,Monday,7,verano,172,3.5831395348837205
20,Saturday,3,primavera,172,3.5505813953488374
16,Tuesday,11,otono,172,3.4906976744186045
14,Saturday,2,invierno,172,3.5500000000000003
2,Friday,6,verano,172,3.577906976744186
23,Monday,6,verano,172,3.677325581395349
15,Friday,12,invierno,172,3.5436046511627906
9,Friday,3,primavera,172,3.58953488372093
0,Thursday,8,verano,172,3.5860465116279068
21,Thursday,4,primavera,172,3.6331395348837208
1,Friday,7,verano,172,3.536627906976744
20,Monday,12,invierno,172,3.491279069767442
19,Wednesday,7,verano,172,3.545930232558139
13,Saturday,11,otono,172,3.483139534883721
19,Tuesday,7,verano,172,3.51453488372093
10,Monday,2,invierno,172,3.3959302325581397
18,Sunday,2,invierno,172,3.5389534883720932
11,Tuesday,7,verano,172,3.6
18,Thursday,12,invierno,172,3.4906976744186045
13,Saturday,12,invierno,172,3.580813953488372
3,Friday,7,verano,172,3.561046511627907
18,Thursday,1,invierno,172,3.591279069767442
21,Sunday,4,primavera,172,3.613953488372093
3,Sunday,4,primavera,172,3.6186046511627907
7,Saturday,7,verano,172,3.5488372093023255
9,Thursday,1,invierno,172,3.5680232558139537
13,Wednesday,11,otono,172,3.4703488372093023
20,Wednesday,4,primavera,172,3.5761627906976745
7,Wednesday,6,verano,172,3.5767441860465117
22,Sunday,5,primavera,171,3.592397660818713
5,Thursday,8,verano,171,3.556140350877193
16,Tuesday,1,invierno,171,3.5198830409356723
16,Monday,1,invierno,171,3.572514619883041
1,Tuesday,6,verano,171,3.585964912280702
21,Tuesday,6,verano,171,3.5947368421052635
6,Saturday,7,verano,171,3.4707602339181287
17,Monday,1,invierno,171,3.542690058479532
1,Wednesday,7,verano,171,3.525146198830409
2,Friday,4,primavera,171,3.663157894736842
19,Sunday,2,invierno,171,3.5163742690058477
4,Saturday,5,primavera,171,3.529824561403509
8,Thursday,12,invierno,171,3.5976608187134507
12,Thursday,2,invierno,171,3.5415204678362575
12,Saturday,12,invierno,171,3.5163742690058477
17,Tuesday,4,primavera,171,3.4871345029239764
20,Monday,11,otono,171,3.5602339181286546
12,Wednesday,9,otono,171,3.3508771929824563
20,Friday,12,invierno,171,3.573684210526316
20,Friday,7,verano,171,3.5842105263157893
5,Monday,8,verano,171,3.4853801169590644
7,Sunday,1,invierno,171,3.4584795321637425
7,Tuesday,8,verano,171,3.6245614035087717
1,Monday,6,verano,171,3.643859649122807
20,Sunday,7,verano,171,3.5619883040935676
23,Sunday,4,primavera,171,3.636842105263158
0,Friday,8,verano,170,3.5399999999999996
23,Thursday,7,verano,170,3.5488235294117643
13,Saturday,3,primavera,170,3.584705882352941
10,Wednesday,3,primavera,170,3.570588235294118
20,Saturday,11,otono,170,3.5370588235294114
9,Sunday,3,primavera,170,3.553529411764706
9,Friday,4,primavera,170,3.68
14,Thursday,10,otono,170,3.468235294117647
14,Thursday,5,primavera,170,3.6394117647058826
1,Thursday,5,primavera,170,3.631176470588235
6,Wednesday,7,verano,170,3.3847058823529412
6,Friday,6,verano,170,3.5564705882352943
5,Tuesday,5,primavera,170,3.630588235294118
19,Saturday,2,invierno,170,3.526470588235294
13,Thursday,11,otono,170,3.465294117647059
3,Monday,8,verano,170,3.5111764705882353
7,Wednesday,2,invierno,170,3.5864705882352945
17,Monday,6,verano,170,3.552941176470588
21,Thursday,5,primavera,170,3.5617647058823527
17,Sunday,2,invierno,170,3.5588235294117645
0,Sunday,4,primavera,169,3.7082840236686394
4,Friday,8,verano,169,3.5467455621301776
11,Tuesday,11,otono,169,3.440828402366864
6,Wednesday,3,primavera,169,3.626627218934911
18,Monday,3,primavera,169,3.6076923076923078
15,Sunday,4,primavera,169,3.642603550295858
15,Thursday,11,otono,169,3.4254437869822483
9,Friday,2,invierno,169,3.5041420118343196
10,Sunday,7,verano,169,3.550887573964497
16,Tuesday,3,primavera,169,3.5041420118343196
17,Thursday,10,otono,169,3.336094674556213
6,Saturday,5,primavera,169,3.592899408284024
9,Wednesday,6,verano,169,3.5840236686390536
4,Tuesday,4,primavera,169,3.592899408284024
0,Sunday,7,verano,169,3.5733727810650886
6,Friday,5,primavera,169,3.5828402366863905
3,Wednesday,7,verano,169,3.5437869822485206
13,Friday,12,invierno,169,3.512426035502959
10,Saturday,1,invierno,169,3.483431952662722
22,Monday,8,verano,169,3.5639053254437867
22,Thursday,6,verano,169,3.626627218934911
22,Tuesday,4,primavera,169,3.568639053254438
22,Thursday,4,primavera,169,3.637869822485207
12,Tuesday,10,otono,169,3.4615384615384617
20,Wednesday,7,verano,169,3.6088757396449704
23,Sunday,8,verano,168,3.6083333333333334
1,Friday,6,verano,168,3.635119047619048
7,Wednesday,12,invierno,168,3.4785714285714286
1,Monday,8,verano,168,3.6142857142857148
4,Sunday,6,verano,168,3.6547619047619047
10,Monday,4,primavera,168,3.5839285714285714
18,Monday,4,primavera,168,3.580952380952381
21,Monday,4,primavera,168,3.6142857142857148
17,Sunday,7,verano,168,3.5166666666666666
17,Friday,1,invierno,168,3.530357142857143
14,Friday,12,invierno,168,3.5333333333333337
21,Wednesday,4,primavera,168,3.607142857142857
10,Saturday,2,invierno,168,3.5297619047619047
4,Wednesday,8,verano,168,3.635119047619048
10,Tuesday,8,verano,168,3.552380952380952
10,Tuesday,2,invierno,168,3.4851190476190474
16,Sunday,11,otono,168,3.5892857142857144
6,Saturday,6,verano,168,3.5297619047619047
2,Sunday,8,verano,168,3.526190476190476
8,Monday,1,invierno,168,3.643452380952381
5,Wednesday,5,primavera,168,3.5708333333333333
11,Wednesday,10,otono,168,3.480357142857143
7,Sunday,5,primavera,168,3.5999999999999996
12,Wednesday,12,invierno,168,3.519642857142857
7,Sunday,8,verano,168,3.606547619047619
10,Friday,4,primavera,167,3.600598802395209
18,Monday,10,otono,167,3.439520958083832
10,Monday,10,otono,167,3.452694610778443
4,Tuesday,8,verano,167,3.5347305389221555
15,Friday,2,invierno,167,3.4712574850299402
10,Thursday,2,invierno,167,3.513173652694611
23,Tuesday,6,verano,167,3.6209580838323356
0,Friday,7,verano,167,3.508383233532934
14,Wednesday,1,invierno,167,3.6233532934131736
7,Thursday,1,invierno,167,3.4838323353293412
10,Thursday,9,otono,167,3.446107784431138
16,Monday,7,verano,167,3.503592814371258
17,Saturday,2,invierno,167,3.4023952095808387
16,Wednesday,5,primavera,167,3.6191616766467063
14,Tuesday,6,verano,167,3.5700598802395214
17,Sunday,12,invierno,167,3.5886227544910176
14,Saturday,12,invierno,167,3.5179640718562872
12,Saturday,2,invierno,167,3.49940119760479
1,Tuesday,5,primavera,167,3.597005988023952
16,Wednesday,1,invierno,167,3.608982035928144
4,Monday,8,verano,167,3.543712574850299
9,Wednesday,2,invierno,167,3.4622754491017966
8,Sunday,8,verano,167,3.5556886227544906
8,Sunday,4,primavera,167,3.677245508982036
18,Thursday,9,otono,167,3.3676646706586824
18,Wednesday,3,primavera,167,3.568263473053892
11,Saturday,1,invierno,167,3.3838323353293416
19,Monday,10,otono,167,3.5407185628742512
19,Sunday,10,otono,167,3.3125748502994017
19,Tuesday,3,primavera,167,3.4664670658682635
7,Wednesday,11,otono,167,3.3682634730538923
5,Sunday,5,primavera,167,3.670059880239521
3,Sunday,7,verano,166,3.568072289156626
13,Tuesday,12,invierno,166,3.5186746987951807
19,Wednesday,11,otono,166,3.485542168674699
8,Sunday,5,primavera,166,3.5656626506024094
8,Saturday,9,otono,166,3.480722891566265
9,Wednesday,11,otono,166,3.426506024096385
6,Saturday,8,verano,166,3.5174698795180723
17,Sunday,10,otono,166,3.3795180722891565
14,Thursday,2,invierno,166,3.5614457831325304
16,Saturday,6,verano,166,3.621084337349398
22,Friday,6,verano,166,3.5843373493975905
15,Monday,1,invierno,166,3.5367469879518074
16,Tuesday,12,invierno,166,3.5746987951807228
21,Saturday,3,primavera,166,3.631927710843373
11,Saturday,7,verano,166,3.496987951807229
2,Sunday,5,primavera,166,3.6066265060240967
13,Wednesday,3,primavera,166,3.5759036144578316
18,Sunday,11,otono,166,3.4879518072289155
11,Wednesday,11,otono,166,3.501204819277109
8,Tuesday,3,primavera,166,3.569277108433735
6,Wednesday,5,primavera,166,3.5156626506024096
21,Sunday,6,verano,166,3.6656626506024095
22,Wednesday,6,verano,166,3.6120481927710846
11,Wednesday,1,invierno,166,3.55
10,Friday,2,invierno,166,3.483734939759036
14,Monday,1,invierno,166,3.544578313253012
15,Sunday,7,verano,165,3.5793939393939396
5,Friday,5,primavera,165,3.515757575757576
20,Monday,7,verano,165,3.5109090909090908
7,Saturday,11,otono,165,3.4254545454545458
16,Wednesday,2,invierno,165,3.5127272727272727
9,Friday,10,otono,165,3.412121212121212
4,Wednesday,7,verano,165,3.576969696969697
12,Tuesday,2,invierno,165,3.4393939393939394
8,Monday,10,otono,165,3.4024242424242424
13,Wednesday,1,invierno,165,3.6418181818181816
19,Saturday,11,otono,165,3.45030303030303
13,Sunday,5,primavera,165,3.6896969696969695
8,Friday,12,invierno,165,3.463030303030303
6,Monday,4,primavera,165,3.658787878787879
11,Thursday,11,otono,165,3.5139393939393937
20,Saturday,8,verano,165,3.515757575757576
3,Tuesday,4,primavera,165,3.647878787878788
10,Wednesday,1,invierno,165,3.533333333333333
14,Tuesday,2,invierno,165,3.469090909090909
15,Wednesday,3,primavera,165,3.561818181818182
15,Thursday,2,invierno,165,3.4581818181818185
16,Thursday,2,invierno,165,3.6012121212121215
11,Wednesday,2,invierno,165,3.530909090909091
17,Sunday,9,otono,165,3.323030303030303
1,Tuesday,4,primavera,165,3.5539393939393937
7,Tuesday,2,invierno,164,3.533536585365854
14,Wednesday,9,otono,164,3.422560975609756
0,Thursday,5,primavera,164,3.6164634146341466
14,Wednesday,12,invierno,164,3.528048780487805
15,Monday,12,invierno,164,3.5457317073170733
11,Thursday,1,invierno,164,3.4981707317073174
11,Sunday,11,otono,164,3.5371951219512194
22,Thursday,5,primavera,164,3.528658536585366
7,Saturday,12,invierno,164,3.600609756097561
7,Saturday,4,primavera,164,3.586585365853659
19,Wednesday,2,invierno,164,3.526829268292683
20,Wednesday,12,invierno,164,3.5304878048780486
13,Monday,12,invierno,164,3.5304878048780486
7,Tuesday,12,invierno,164,3.479878048780488
18,Sunday,7,verano,164,3.5402439024390246
13,Tuesday,7,verano,164,3.524390243902439
22,Friday,8,verano,164,3.5957317073170736
11,Monday,11,otono,164,3.53109756097561
6,Monday,3,primavera,164,3.4402439024390246
6,Monday,5,primavera,164,3.59390243902439
17,Friday,9,otono,164,3.4365853658536585
15,Tuesday,12,invierno,164,3.603048780487805
10,Tuesday,4,primavera,164,3.479268292682927
10,Sunday,6,verano,164,3.553048780487805
11,Sunday,5,primavera,163,3.6116564417177917
3,Friday,6,verano,163,3.5950920245398774
2,Saturday,5,primavera,163,3.6570552147239264
22,Thursday,8,verano,163,3.6650306748466255
19,Sunday,11,otono,163,3.531901840490798
13,Thursday,3,primavera,163,3.5723926380368094
8,Tuesday,10,otono,163,3.4380368098159506
17,Saturday,1,invierno,163,3.5355828220858894
17,Monday,10,otono,163,3.3797546012269937
1,Monday,4,primavera,163,3.685276073619632
13,Wednesday,9,otono,163,3.4766871165644173
12,Wednesday,7,verano,163,3.5208588957055214
7,Friday,11,otono,163,3.436196319018405
7,Thursday,3,primavera,163,3.493251533742331
14,Thursday,11,otono,163,3.5042944785276076
15,Wednesday,11,otono,163,3.561349693251534
21,Tuesday,4,primavera,163,3.5165644171779142
5,Wednesday,8,verano,163,3.5570552147239263
10,Saturday,11,otono,163,3.4582822085889573
8,Friday,2,invierno,163,3.5288343558282214
10,Friday,11,otono,163,3.4208588957055217
2,Sunday,4,primavera,162,3.6246913580246916
3,Monday,4,primavera,162,3.666049382716049
1,Thursday,8,verano,162,3.5604938271604936
16,Monday,10,otono,162,3.5376543209876545
20,Sunday,12,invierno,162,3.587037037037037
9,Saturday,3,primavera,162,3.569135802469136
8,Saturday,11,otono,162,3.4561728395061726
10,Tuesday,3,primavera,162,3.6129629629629627
17,Thursday,2,invierno,162,3.4530864197530864
23,Tuesday,5,primavera,162,3.584567901234568
16,Sunday,8,verano,162,3.59320987654321
13,Sunday,12,invierno,162,3.541975308641975
19,Sunday,7,verano,162,3.6185185185185187
21,Friday,7,verano,162,3.611111111111111
15,Tuesday,3,primavera,162,3.6037037037037036
21,Monday,7,verano,162,3.610493827160494
20,Sunday,8,verano,162,3.6049382716049383
7,Friday,3,primavera,161,3.618633540372671
21,Monday,8,verano,161,3.603105590062112
10,Friday,3,primavera,161,3.528571428571429
13,Saturday,10,otono,161,3.477639751552795
19,Friday,12,invierno,161,3.599378881987578
17,Friday,3,primavera,161,3.590062111801242
10,Saturday,10,otono,161,3.3465838509316765
17,Wednesday,11,otono,161,3.5074534161490685
7,Monday,11,otono,161,3.540372670807453
9,Friday,11,otono,161,3.4639751552795035
13,Tuesday,8,verano,161,3.631055900621118
10,Sunday,5,primavera,161,3.6391304347826083
19,Sunday,12,invierno,161,3.5341614906832297
13,Monday,10,otono,161,3.430434782608695
11,Friday,10,otono,161,3.3962732919254655
10,Saturday,3,primavera,161,3.5757763975155283
3,Thursday,6,verano,161,3.7142857142857144
3,Friday,5,primavera,161,3.6055900621118013
15,Saturday,11,otono,161,3.4770186335403723
11,Monday,1,invierno,161,3.5645962732919254
11,Saturday,2,invierno,161,3.430434782608695
11,Saturday,3,primavera,161,3.5658385093167704
14,Thursday,1,invierno,161,3.477639751552795
10,Friday,12,invierno,161,3.5440993788819877
17,Wednesday,12,invierno,161,3.617391304347826
17,Sunday,11,otono,161,3.590683229813665
5,Thursday,7,verano,161,3.548447204968944
6,Monday,8,verano,161,3.4745341614906833
0,Tuesday,5,primavera,160,3.5725000000000002
10,Sunday,11,otono,160,3.4731250000000005
14,Tuesday,11,otono,160,3.4924999999999997
13,Thursday,2,invierno,160,3.509375
19,Monday,11,otono,160,3.5462499999999997
9,Saturday,12,invierno,160,3.4975
8,Monday,3,primavera,160,3.534375
13,Friday,2,invierno,160,3.47375
13,Monday,1,invierno,160,3.576875
12,Monday,10,otono,160,3.4393749999999996
12,Wednesday,1,invierno,160,3.54375
21,Thursday,6,verano,160,3.666875
16,Tuesday,6,verano,160,3.5956249999999996
0,Sunday,6,verano,160,3.6243749999999997
10,Monday,1,invierno,160,3.5549999999999997
22,Sunday,8,verano,160,3.53125
3,Thursday,4,primavera,160,3.595
14,Sunday,6,verano,160,3.5881250000000002
11,Wednesday,6,verano,159,3.6440251572327043
5,Saturday,6,verano,159,3.576100628930818
14,Friday,11,otono,159,3.567295597484277
17,Tuesday,3,primavera,159,3.5220125786163523
15,Thursday,12,invierno,159,3.5320754716981133
8,Tuesday,2,invierno,159,3.3905660377358493
14,Saturday,4,primavera,159,3.6081761006289312
17,Friday,11,otono,159,3.5540880503144656
19,Thursday,2,invierno,159,3.547169811320755
8,Monday,11,otono,159,3.4471698113207547
4,Sunday,8,verano,159,3.606918238993711
1,Friday,4,primavera,159,3.6849056603773582
17,Tuesday,7,verano,159,3.5918238993710694
11,Wednesday,3,primavera,159,3.562264150943396
6,Saturday,3,primavera,159,3.476100628930818
12,Tuesday,12,invierno,159,3.6144654088050316
6,Friday,4,primavera,159,3.576100628930818
6,Friday,8,verano,159,3.380503144654088
19,Thursday,3,primavera,159,3.559748427672956
8,Saturday,7,verano,159,3.5823899371069183
18,Saturday,2,invierno,159,3.5176100628930813
20,Monday,6,verano,159,3.6050314465408806
7,Wednesday,4,primavera,159,3.574213836477987
11,Thursday,12,invierno,158,3.49493670886076
15,Sunday,11,otono,158,3.5398734177215188
3,Sunday,8,verano,158,3.6297468354430378
20,Friday,4,primavera,158,3.690506329113924
10,Wednesday,4,primavera,158,3.6056962025316457
16,Wednesday,12,invierno,158,3.5537974683544302
15,Wednesday,10,otono,158,3.519620253164557
14,Wednesday,2,invierno,158,3.5234177215189875
7,Sunday,4,primavera,158,3.5734177215189873
13,Monday,11,otono,158,3.5474683544303796
8,Sunday,6,verano,158,3.568987341772152
16,Wednesday,11,otono,158,3.475316455696203
15,Wednesday,2,invierno,158,3.5278481012658225
12,Friday,3,primavera,158,3.6487341772151898
22,Tuesday,6,verano,157,3.652229299363057
11,Thursday,3,primavera,157,3.5707006369426755
5,Thursday,5,primavera,157,3.65796178343949
12,Sunday,8,verano,157,3.6063694267515927
15,Sunday,8,verano,157,3.5815286624203817
9,Monday,10,otono,157,3.4949044585987266
10,Saturday,12,invierno,157,3.621019108280255
15,Friday,11,otono,157,3.523566878980892
16,Monday,3,primavera,157,3.6082802547770703
12,Friday,7,verano,157,3.571337579617835
10,Wednesday,2,invierno,157,3.5522292993630575
17,Tuesday,5,primavera,157,3.6394904458598725
9,Tuesday,12,invierno,157,3.5872611464968154
7,Tuesday,11,otono,157,3.5445859872611467
10,Thursday,1,invierno,157,3.4757961783439493
8,Friday,10,otono,157,3.5197452229299366
18,Sunday,4,primavera,157,3.6452229299363053
18,Friday,10,otono,157,3.324203821656051
7,Thursday,4,primavera,157,3.6254777070063695
13,Monday,6,verano,157,3.550955414012739
20,Thursday,4,primavera,157,3.6178343949044587
6,Wednesday,4,primavera,157,3.5414012738853504
20,Sunday,5,primavera,157,3.6312101910828027
16,Friday,10,otono,157,3.4980891719745224
9,Saturday,4,primavera,156,3.556410256410256
1,Sunday,5,primavera,156,3.6096153846153847
9,Tuesday,4,primavera,156,3.589102564102564
7,Friday,5,primavera,156,3.576282051282051
12,Tuesday,11,otono,156,3.443589743589744
12,Wednesday,4,primavera,156,3.5346153846153845
16,Friday,2,invierno,156,3.5846153846153848
6,Thursday,4,primavera,156,3.5865384615384617
12,Sunday,6,verano,156,3.555769230769231
21,Monday,5,primavera,156,3.548717948717949
5,Tuesday,6,verano,156,3.6756410256410255
11,Tuesday,2,invierno,156,3.4692307692307693
13,Tuesday,4,primavera,156,3.6512820512820516
19,Saturday,3,primavera,156,3.52948717948718
8,Friday,3,primavera,156,3.63525641025641
8,Monday,12,invierno,156,3.5621794871794874
18,Wednesday,7,verano,156,3.5288461538461537
14,Monday,6,verano,156,3.5865384615384617
10,Thursday,12,invierno,155,3.585806451612903
23,Thursday,5,primavera,155,3.6
16,Friday,8,verano,155,3.579354838709677
16,Monday,4,primavera,155,3.590967741935484
9,Friday,5,primavera,155,3.543225806451613
14,Sunday,8,verano,155,3.6251612903225805
9,Sunday,7,verano,155,3.5251612903225804
20,Sunday,4,primavera,155,3.6348387096774193
20,Monday,5,primavera,155,3.6148387096774193
20,Monday,10,otono,155,3.435483870967742
13,Sunday,6,verano,155,3.546451612903226
14,Wednesday,6,verano,155,3.6245161290322576
19,Friday,11,otono,155,3.588387096774194
12,Monday,7,verano,155,3.490967741935484
18,Wednesday,4,primavera,155,3.6135483870967744
13,Sunday,7,verano,155,3.6006451612903225
22,Saturday,4,primavera,155,3.653548387096774
14,Friday,7,verano,155,3.5690322580645164
14,Monday,7,verano,155,3.5135483870967743
11,Friday,11,otono,155,3.556129032258065
23,Wednesday,8,verano,155,3.57741935483871
23,Monday,8,verano,155,3.564516129032258
17,Monday,5,primavera,154,3.516883116883117
14,Sunday,11,otono,154,3.56948051948052
2,Monday,8,verano,154,3.452597402597403
12,Tuesday,6,verano,154,3.633116883116883
10,Wednesday,8,verano,154,3.4623376623376627
7,Monday,3,primavera,154,3.453246753246753
7,Monday,10,otono,154,3.455194805194805
12,Wednesday,10,otono,154,3.448701298701299
7,Thursday,2,invierno,154,3.465584415584416
13,Monday,3,primavera,154,3.574675324675325
21,Monday,6,verano,154,3.5707792207792206
13,Friday,11,otono,154,3.544155844155844
21,Saturday,7,verano,154,3.5545454545454542
12,Saturday,10,otono,154,3.3675324675324676
7,Sunday,6,verano,154,3.624025974025974
21,Sunday,5,primavera,154,3.5662337662337666
15,Sunday,6,verano,154,3.6525974025974026
9,Monday,12,invierno,154,3.4642857142857144
18,Friday,2,invierno,154,3.492207792207792
8,Wednesday,10,otono,154,3.4681818181818183
5,Saturday,8,verano,154,3.6220779220779216
8,Thursday,7,verano,154,3.544805194805195
3,Sunday,6,verano,154,3.7045454545454546
14,Wednesday,3,primavera,154,3.5954545454545457
16,Thursday,3,primavera,154,3.5532467532467535
9,Tuesday,11,otono,154,3.5928571428571425
12,Saturday,7,verano,154,3.590909090909091
15,Monday,8,verano,154,3.5461038961038964
9,Monday,11,otono,154,3.581168831168831
11,Tuesday,3,primavera,154,3.629220779220779
0,Saturday,5,primavera,154,3.594155844155844
5,Monday,6,verano,154,3.6194805194805193
12,Sunday,4,primavera,153,3.607843137254902
11,Friday,6,verano,153,3.6366013071895424
10,Sunday,4,primavera,153,3.5725490196078433
15,Saturday,3,primavera,153,3.5745098039215684
17,Monday,3,primavera,153,3.6392156862745093
20,Tuesday,6,verano,153,3.545098039215686
21,Saturday,6,verano,153,3.652941176470588
3,Friday,8,verano,153,3.5117647058823525
21,Saturday,4,primavera,153,3.6372549019607843
9,Sunday,6,verano,153,3.54640522875817
9,Friday,7,verano,153,3.54640522875817
13,Thursday,12,invierno,153,3.6013071895424837
15,Tuesday,5,primavera,153,3.573202614379085
19,Friday,4,primavera,153,3.615032679738562
18,Wednesday,5,primavera,153,3.5562091503267976
17,Saturday,10,otono,153,3.215686274509804
9,Thursday,12,invierno,153,3.5771241830065357
21,Wednesday,7,verano,153,3.609803921568627
8,Thursday,2,invierno,153,3.5235294117647062
9,Wednesday,4,primavera,153,3.6359477124183
9,Monday,8,verano,153,3.537908496732026
11,Wednesday,5,primavera,153,3.5581699346405227
8,Sunday,7,verano,153,3.5568627450980395
17,Wednesday,10,otono,153,3.4679738562091504
22,Thursday,7,verano,153,3.5725490196078433
10,Thursday,11,otono,153,3.473856209150327
16,Wednesday,10,otono,153,3.415032679738562
20,Tuesday,7,verano,152,3.539473684210526
7,Friday,8,verano,152,3.5315789473684207
21,Friday,6,verano,152,3.6072368421052627
10,Wednesday,11,otono,152,3.4921052631578946
23,Monday,5,primavera,152,3.6164473684210527
23,Friday,8,verano,152,3.505921052631579
11,Tuesday,5,primavera,152,3.521052631578948
12,Thursday,1,invierno,152,3.503947368421053
3,Tuesday,5,primavera,152,3.6486842105263158
15,Tuesday,10,otono,152,3.3736842105263154
16,Wednesday,6,verano,152,3.581578947368421
19,Monday,4,primavera,152,3.5789473684210527
19,Tuesday,5,primavera,152,3.6605263157894736
19,Tuesday,6,verano,152,3.553289473684211
21,Sunday,8,verano,152,3.5546052631578946
12,Friday,6,verano,152,3.5914473684210524
10,Monday,11,otono,152,3.4947368421052634
12,Wednesday,3,primavera,152,3.6223684210526317
15,Thursday,10,otono,152,3.4710526315789476
6,Tuesday,8,verano,152,3.5526315789473686
7,Friday,2,invierno,152,3.4921052631578946
18,Friday,3,primavera,151,3.633112582781457
17,Saturday,12,invierno,151,3.6
17,Sunday,5,primavera,151,3.5907284768211922
14,Monday,11,otono,151,3.5377483443708613
13,Thursday,4,primavera,151,3.5271523178807946
15,Wednesday,4,primavera,151,3.6218543046357614
11,Sunday,7,verano,151,3.5357615894039736
11,Friday,12,invierno,151,3.576158940397351
5,Thursday,6,verano,151,3.589403973509934
19,Thursday,10,otono,151,3.4443708609271524
12,Saturday,3,primavera,151,3.5536423841059603
15,Friday,3,primavera,151,3.594039735099338
10,Tuesday,12,invierno,151,3.4887417218543044
11,Monday,4,primavera,151,3.5847682119205295
12,Saturday,1,invierno,151,3.5317880794701986
20,Saturday,7,verano,151,3.5503311258278147
19,Sunday,5,primavera,151,3.6556291390728477
15,Monday,6,verano,151,3.5887417218543045
8,Monday,7,verano,150,3.554666666666667
7,Monday,12,invierno,150,3.4966666666666666
11,Monday,3,primavera,150,3.555333333333333
8,Tuesday,11,otono,150,3.5533333333333332
20,Thursday,5,primavera,150,3.604
9,Sunday,8,verano,150,3.584
10,Saturday,5,primavera,150,3.5886666666666662
18,Monday,11,otono,150,3.5433333333333334
16,Wednesday,7,verano,150,3.544666666666667
16,Thursday,6,verano,150,3.5873333333333335
18,Thursday,2,invierno,150,3.525333333333333
9,Wednesday,5,primavera,150,3.6233333333333335
10,Wednesday,7,verano,149,3.6456375838926176
3,Tuesday,8,verano,149,3.589261744966443
8,Wednesday,5,primavera,149,3.5563758389261744
14,Monday,3,primavera,149,3.5187919463087245
12,Friday,8,verano,149,3.6006711409395975
13,Sunday,11,otono,149,3.5657718120805364
18,Friday,12,invierno,149,3.5697986577181204
21,Wednesday,8,verano,149,3.5946308724832217
8,Saturday,3,primavera,149,3.630201342281879
17,Thursday,6,verano,149,3.5281879194630874
12,Monday,1,invierno,149,3.630201342281879
14,Monday,12,invierno,149,3.454362416107383
21,Tuesday,7,verano,149,3.5966442953020135
8,Friday,4,primavera,149,3.6812080536912752
7,Wednesday,7,verano,149,3.544295302013423
21,Tuesday,5,primavera,149,3.6120805369127518
20,Tuesday,8,verano,148,3.5452702702702705
10,Wednesday,12,invierno,148,3.522297297297297
9,Saturday,11,otono,148,3.5567567567567564
9,Thursday,8,verano,148,3.5081081081081082
16,Thursday,5,primavera,148,3.6324324324324326
7,Wednesday,8,verano,148,3.427027027027027
20,Friday,6,verano,148,3.6155405405405405
9,Tuesday,3,primavera,148,3.5716216216216217
15,Friday,4,primavera,148,3.652027027027027
12,Saturday,5,primavera,148,3.6662162162162164
9,Tuesday,6,verano,148,3.6243243243243244
9,Wednesday,8,verano,148,3.449324324324324
8,Wednesday,12,invierno,148,3.576351351351351
10,Wednesday,5,primavera,148,3.560810810810811
14,Thursday,6,verano,148,3.5189189189189185
7,Friday,4,primavera,148,3.5250000000000004
7,Monday,4,primavera,148,3.635135135135135
17,Wednesday,4,primavera,148,3.622972972972973
10,Sunday,8,verano,148,3.5945945945945947
18,Saturday,7,verano,148,3.614864864864865
18,Thursday,3,primavera,148,3.502027027027027
8,Wednesday,3,primavera,148,3.516216216216216
13,Saturday,6,verano,147,3.5170068027210886
20,Friday,3,primavera,147,3.539455782312925
17,Friday,12,invierno,147,3.6666666666666665
19,Friday,10,otono,147,3.312925170068027
8,Friday,5,primavera,147,3.663265306122449
11,Wednesday,4,primavera,147,3.536054421768707
7,Tuesday,6,verano,147,3.5700680272108842
10,Monday,8,verano,147,3.43469387755102
20,Thursday,6,verano,147,3.654421768707483
18,Tuesday,7,verano,147,3.5551020408163265
17,Thursday,12,invierno,147,3.480952380952381
18,Saturday,11,otono,147,3.416326530612245
19,Monday,6,verano,147,3.629251700680272
16,Wednesday,3,primavera,147,3.5557823129251704
11,Tuesday,6,verano,147,3.619047619047619
18,Sunday,5,primavera,147,3.614285714285714
9,Saturday,6,verano,147,3.604081632653061
7,Thursday,12,invierno,146,3.51986301369863
17,Sunday,4,primavera,146,3.656849315068493
7,Monday,6,verano,146,3.6493150684931503
1,Tuesday,8,verano,146,3.5910958904109584
13,Wednesday,12,invierno,146,3.5287671232876714
11,Saturday,10,otono,146,3.328767123287671
8,Thursday,3,primavera,146,3.5924657534246576
16,Thursday,10,otono,146,3.4047945205479455
17,Thursday,3,primavera,146,3.6164383561643834
17,Monday,8,verano,146,3.5287671232876714
9,Friday,6,verano,146,3.584931506849315
16,Wednesday,4,primavera,146,3.513013698630137
22,Wednesday,8,verano,146,3.613013698630137
9,Monday,1,invierno,146,3.574657534246575
10,Friday,8,verano,146,3.581506849315068
17,Saturday,6,verano,146,3.6630136986301367
14,Wednesday,5,primavera,145,3.6558620689655172
7,Monday,5,primavera,145,3.6496551724137936
15,Friday,10,otono,145,3.406206896551724
8,Friday,6,verano,145,3.591034482758621
17,Friday,10,otono,145,3.3510344827586205
8,Friday,8,verano,145,3.591034482758621
21,Saturday,5,primavera,145,3.5627586206896553
15,Thursday,4,primavera,145,3.613793103448276
16,Monday,6,verano,145,3.5724137931034483
11,Saturday,8,verano,145,3.593103448275862
17,Thursday,4,primavera,145,3.599310344827586
16,Saturday,7,verano,145,3.590344827586207
15,Friday,7,verano,145,3.5572413793103443
15,Monday,4,primavera,145,3.595862068965517
16,Tuesday,7,verano,145,3.5682758620689654
10,Saturday,4,primavera,145,3.623448275862069
18,Monday,7,verano,145,3.389655172413793
2,Friday,8,verano,144,3.6118055555555557
19,Tuesday,4,primavera,144,3.5749999999999997
22,Saturday,5,primavera,144,3.542361111111111
15,Monday,10,otono,144,3.529166666666667
22,Saturday,8,verano,144,3.4937500000000004
9,Sunday,4,primavera,144,3.566666666666667
9,Monday,5,primavera,144,3.5833333333333335
7,Friday,6,verano,144,3.6083333333333334
13,Wednesday,8,verano,144,3.5006944444444446
18,Monday,5,primavera,144,3.556944444444445
12,Thursday,4,primavera,144,3.660416666666667
15,Saturday,8,verano,144,3.5909722222222222
6,Monday,6,verano,144,3.595138888888889
16,Thursday,7,verano,144,3.5965277777777778
14,Wednesday,4,primavera,144,3.634722222222222
12,Sunday,5,primavera,144,3.658333333333333
15,Tuesday,4,primavera,144,3.553472222222222
12,Friday,4,primavera,144,3.5152777777777775
14,Wednesday,7,verano,144,3.5145833333333334
8,Monday,5,primavera,144,3.545138888888889
12,Thursday,11,otono,144,3.5756944444444443
12,Tuesday,4,primavera,144,3.6298611111111114
13,Sunday,8,verano,144,3.5118055555555556
19,Friday,3,primavera,144,3.490972222222222
20,Friday,8,verano,144,3.55
20,Wednesday,5,primavera,143,3.611888111888112
15,Monday,3,primavera,143,3.562937062937063
18,Monday,6,verano,143,3.534265734265734
22,Saturday,6,verano,143,3.6062937062937066
18,Saturday,3,primavera,143,3.5377622377622377
0,Wednesday,8,verano,143,3.527272727272727
11,Friday,4,primavera,143,3.5531468531468535
12,Monday,6,verano,143,3.5440559440559443
11,Tuesday,10,otono,143,3.3825174825174824
15,Tuesday,6,verano,143,3.567832167832168
12,Monday,3,primavera,143,3.5587412587412586
9,Wednesday,12,invierno,143,3.567832167832168
20,Monday,8,verano,143,3.576223776223776
7,Tuesday,4,primavera,143,3.5776223776223777
13,Saturday,4,primavera,143,3.574825174825175
14,Saturday,7,verano,143,3.623076923076923
10,Tuesday,11,otono,143,3.4685314685314683
14,Wednesday,8,verano,143,3.5895104895104892
15,Saturday,7,verano,142,3.635915492957746
1,Wednesday,6,verano,142,3.613380281690141
17,Friday,7,verano,142,3.5528169014084505
23,Thursday,8,verano,142,3.6281690140845075
19,Saturday,7,verano,142,3.4781690140845067
9,Wednesday,7,verano,142,3.547183098591549
6,Saturday,4,primavera,142,3.585211267605634
13,Thursday,7,verano,142,3.4922535211267602
12,Sunday,7,verano,142,3.584507042253521
7,Tuesday,3,primavera,142,3.659154929577465
13,Friday,4,primavera,142,3.5873239436619717
11,Monday,6,verano,142,3.5302816901408454
8,Saturday,4,primavera,142,3.572535211267606
8,Wednesday,4,primavera,142,3.630985915492958
16,Monday,8,verano,142,3.5239436619718307
10,Monday,5,primavera,142,3.603521126760563
10,Friday,10,otono,142,3.3901408450704222
16,Tuesday,4,primavera,142,3.66056338028169
16,Tuesday,5,primavera,142,3.632394366197183
15,Monday,5,primavera,141,3.5758865248226948
12,Monday,5,primavera,141,3.546808510638298
13,Wednesday,2,invierno,141,3.5411347517730496
10,Monday,6,verano,141,3.606382978723404
7,Thursday,7,verano,141,3.5581560283687943
12,Monday,11,otono,141,3.5652482269503545
6,Thursday,8,verano,141,3.5120567375886522
16,Sunday,6,verano,141,3.601418439716312
7,Wednesday,5,primavera,141,3.5255319148936173
15,Saturday,4,primavera,141,3.602836879432624
17,Monday,4,primavera,141,3.636879432624113
17,Saturday,4,primavera,141,3.5985815602836877
6,Tuesday,6,verano,141,3.5141843971631204
7,Tuesday,7,verano,140,3.5792857142857146
8,Wednesday,2,invierno,140,3.5157142857142856
11,Monday,12,invierno,140,3.5507142857142857
13,Monday,8,verano,140,3.557857142857143
17,Monday,11,otono,140,3.630714285714286
10,Friday,6,verano,140,3.5985714285714288
18,Tuesday,8,verano,140,3.557857142857143
11,Wednesday,12,invierno,140,3.512142857142857
14,Friday,3,primavera,140,3.6135714285714284
12,Tuesday,7,verano,140,3.6328571428571426
12,Tuesday,8,verano,140,3.624285714285714
18,Saturday,8,verano,140,3.527142857142857
20,Tuesday,4,primavera,140,3.5278571428571426
19,Saturday,8,verano,139,3.579856115107914
23,Saturday,8,verano,139,3.6071942446043166
10,Tuesday,6,verano,139,3.5985611510791364
14,Friday,5,primavera,139,3.5697841726618704
9,Saturday,10,otono,139,3.3992805755395685
18,Saturday,4,primavera,139,3.5820143884892084
18,Thursday,5,primavera,139,3.631654676258993
23,Tuesday,8,verano,139,3.5733812949640287
8,Friday,7,verano,139,3.533093525179856
11,Thursday,8,verano,139,3.610791366906475
13,Wednesday,6,verano,139,3.643884892086331
7,Tuesday,5,primavera,139,3.657553956834532
13,Tuesday,6,verano,139,3.639568345323741
17,Saturday,11,otono,139,3.48705035971223
8,Tuesday,7,verano,139,3.5676258992805754
13,Friday,7,verano,139,3.5050359712230215
16,Monday,5,primavera,139,3.5575539568345325
8,Thursday,4,primavera,139,3.5697841726618704
13,Saturday,7,verano,139,3.589208633093525
16,Friday,5,primavera,139,3.576978417266187
6,Thursday,5,primavera,139,3.619424460431655
13,Monday,7,verano,139,3.5589928057553957
19,Wednesday,4,primavera,139,3.643165467625899
16,Saturday,8,verano,138,3.610869565217391
18,Friday,5,primavera,138,3.5746376811594205
11,Friday,3,primavera,138,3.6224637681159417
7,Monday,7,verano,138,3.5471014492753623
12,Wednesday,5,primavera,138,3.5456521739130435
12,Wednesday,11,otono,138,3.4507246376811596
20,Thursday,7,verano,138,3.5565217391304347
6,Thursday,6,verano,138,3.6362318840579713
10,Friday,7,verano,138,3.5456521739130435
19,Monday,3,primavera,138,3.5956521739130434
20,Saturday,6,verano,138,3.632608695652174
18,Thursday,4,primavera,137,3.5788321167883215
10,Thursday,8,verano,137,3.4547445255474454
15,Thursday,3,primavera,137,3.535036496350365
18,Tuesday,4,primavera,137,3.5467153284671533
15,Thursday,7,verano,137,3.4905109489051096
17,Sunday,8,verano,137,3.497080291970803
13,Friday,6,verano,137,3.632846715328467
19,Thursday,5,primavera,137,3.6379562043795617
19,Friday,6,verano,137,3.616058394160584
14,Saturday,6,verano,137,3.552554744525547
19,Thursday,6,verano,137,3.6065693430656935
13,Thursday,5,primavera,137,3.586861313868613
11,Monday,7,verano,137,3.5124087591240873
15,Tuesday,8,verano,137,3.6335766423357665
14,Saturday,8,verano,136,3.552205882352941
16,Friday,3,primavera,136,3.6036764705882356
7,Thursday,6,verano,136,3.5985294117647055
19,Monday,5,primavera,136,3.5779411764705884
13,Thursday,6,verano,136,3.5595588235294118
19,Thursday,4,primavera,136,3.6514705882352945
15,Wednesday,7,verano,136,3.5551470588235294
8,Tuesday,6,verano,136,3.652941176470588
8,Saturday,5,primavera,136,3.573529411764706
17,Saturday,5,primavera,136,3.6698529411764707
16,Monday,11,otono,136,3.6205882352941177
16,Saturday,3,primavera,136,3.572794117647059
12,Tuesday,5,primavera,136,3.596323529411765
18,Tuesday,5,primavera,136,3.552205882352941
10,Monday,7,verano,136,3.528676470588235
17,Tuesday,8,verano,136,3.6602941176470587
11,Tuesday,4,primavera,136,3.5448529411764707
12,Thursday,5,primavera,136,3.7147058823529413
7,Monday,8,verano,135,3.563703703703704
12,Saturday,11,otono,135,3.494074074074074
21,Saturday,8,verano,135,3.568148148148148
19,Sunday,6,verano,135,3.5562962962962965
15,Wednesday,12,invierno,135,3.591851851851852
17,Friday,4,primavera,135,3.6
18,Friday,6,verano,135,3.580740740740741
14,Friday,4,primavera,135,3.642962962962963
15,Monday,11,otono,135,3.5903703703703704
17,Sunday,6,verano,135,3.5896296296296297
11,Wednesday,7,verano,135,3.5548148148148146
16,Saturday,11,otono,135,3.6170370370370373
12,Thursday,3,primavera,134,3.532835820895522
12,Thursday,12,invierno,134,3.487313432835821
8,Monday,4,primavera,134,3.6649253731343285
8,Saturday,6,verano,134,3.578358208955224
19,Friday,5,primavera,134,3.603731343283582
21,Wednesday,5,primavera,134,3.6082089552238807
18,Friday,4,primavera,134,3.5679104477611943
11,Sunday,4,primavera,134,3.6529850746268657
18,Monday,8,verano,134,3.56044776119403
20,Wednesday,6,verano,134,3.614179104477612
19,Wednesday,8,verano,134,3.647761194029851
14,Tuesday,7,verano,134,3.535820895522388
20,Wednesday,8,verano,134,3.603731343283582
8,Wednesday,6,verano,134,3.5955223880597016
11,Sunday,8,verano,134,3.6104477611940298
14,Monday,10,otono,134,3.500746268656717
16,Friday,7,verano,133,3.6052631578947367
20,Sunday,6,verano,133,3.5969924812030074
8,Tuesday,4,primavera,133,3.6609022556390975
15,Friday,8,verano,133,3.5729323308270677
14,Thursday,4,primavera,133,3.624812030075188
8,Wednesday,8,verano,133,3.504511278195489
8,Saturday,8,verano,133,3.5766917293233083
13,Monday,5,primavera,133,3.4714285714285715
19,Wednesday,5,primavera,133,3.607518796992481
16,Friday,4,primavera,133,3.5774436090225565
15,Friday,5,primavera,133,3.588721804511278
16,Wednesday,8,verano,132,3.5803030303030305
18,Sunday,6,verano,132,3.609848484848485
8,Thursday,5,primavera,132,3.562121212121212
13,Tuesday,5,primavera,132,3.620454545454545
17,Wednesday,7,verano,132,3.5560606060606057
11,Saturday,11,otono,132,3.5560606060606057
18,Saturday,6,verano,132,3.6045454545454545
16,Saturday,5,primavera,132,3.600757575757576
13,Friday,3,primavera,132,3.6121212121212123
14,Sunday,5,primavera,132,3.5727272727272728
10,Thursday,6,verano,131,3.614503816793893
15,Sunday,5,primavera,131,3.6091603053435115
8,Wednesday,7,verano,131,3.56412213740458
8,Monday,6,verano,131,3.6267175572519084
1,Wednesday,8,verano,131,3.5465648854961835
16,Sunday,7,verano,131,3.508396946564886
16,Sunday,5,primavera,131,3.5824427480916032
13,Wednesday,4,primavera,131,3.566412213740458
17,Wednesday,5,primavera,131,3.616030534351145
12,Saturday,4,primavera,130,3.5846153846153848
13,Friday,5,primavera,130,3.5100000000000002
11,Saturday,5,primavera,130,3.6123076923076924
16,Saturday,4,primavera,130,3.5853846153846156
18,Wednesday,6,verano,130,3.493076923076923
13,Wednesday,5,primavera,130,3.6107692307692307
16,Thursday,4,primavera,130,3.6184615384615384
15,Wednesday,6,verano,130,3.5853846153846156
16,Sunday,4,primavera,130,3.580769230769231
8,Monday,8,verano,129,3.5589147286821707
19,Sunday,4,primavera,129,3.608527131782946
10,Tuesday,7,verano,129,3.5852713178294575
20,Friday,5,primavera,129,3.5217054263565895
20,Saturday,4,primavera,129,3.5155038759689923
14,Thursday,8,verano,129,3.5217054263565895
15,Friday,6,verano,129,3.6465116279069765
17,Monday,7,verano,129,3.527906976744186
7,Saturday,8,verano,129,3.5790697674418603
20,Thursday,8,verano,129,3.5813953488372094
22,Tuesday,8,verano,129,3.529457364341085
9,Monday,4,primavera,129,3.631782945736434
15,Saturday,6,verano,129,3.554263565891473
9,Thursday,7,verano,129,3.5472868217054265
11,Thursday,6,verano,128,3.57734375
13,Monday,4,primavera,128,3.58203125
18,Friday,8,verano,128,3.46640625
17,Wednesday,6,verano,128,3.60703125
10,Saturday,6,verano,128,3.56953125
19,Sunday,8,verano,128,3.45859375
9,Monday,7,verano,128,3.55
16,Thursday,8,verano,128,3.52265625
14,Friday,6,verano,127,3.6661417322834646
8,Thursday,8,verano,127,3.55748031496063
18,Friday,7,verano,127,3.5535433070866143
16,Tuesday,8,verano,127,3.5543307086614173
8,Tuesday,5,primavera,127,3.58503937007874
19,Thursday,8,verano,127,3.5779527559055118
13,Sunday,4,primavera,127,3.710236220472441
12,Thursday,8,verano,127,3.5354330708661417
14,Friday,8,verano,126,3.606349206349206
9,Thursday,3,primavera,126,3.545238095238095
9,Monday,6,verano,126,3.606349206349206
17,Friday,6,verano,126,3.5809523809523807
19,Wednesday,6,verano,126,3.6222222222222222
12,Monday,4,primavera,125,3.604
19,Saturday,6,verano,125,3.5848
9,Saturday,5,primavera,125,3.604
12,Thursday,6,verano,125,3.5896
13,Friday,8,verano,125,3.552
21,Thursday,8,verano,125,3.5751999999999997
9,Friday,8,verano,125,3.544
11,Thursday,5,primavera,125,3.5231999999999997
12,Thursday,7,verano,125,3.5951999999999997
12,Wednesday,6,verano,125,3.5511999999999997
9,Tuesday,5,primavera,124,3.6274193548387097
11,Thursday,4,primavera,124,3.5983870967741933
18,Thursday,6,verano,124,3.570967741935484
10,Thursday,7,verano,124,3.5274193548387096
10,Wednesday,6,verano,124,3.554032258064516
13,Saturday,5,primavera,124,3.604032258064516
11,Thursday,7,verano,124,3.6548387096774193
17,Thursday,5,primavera,124,3.5911290322580647
14,Tuesday,8,verano,124,3.6411290322580645
10,Saturday,8,verano,123,3.508130081300813
15,Saturday,5,primavera,123,3.565040650406504
12,Wednesday,8,verano,123,3.5967479674796747
9,Tuesday,7,verano,123,3.521138211382114
16,Friday,12,invierno,123,3.548780487804878
15,Thursday,8,verano,123,3.540650406504065
18,Sunday,8,verano,123,3.504878048780488
15,Wednesday,5,primavera,123,3.643089430894309
17,Saturday,3,primavera,123,3.584552845528455
9,Saturday,8,verano,123,3.5422764227642274
9,Saturday,7,verano,123,3.6097560975609757
17,Friday,5,primavera,123,3.535772357723577
21,Tuesday,8,verano,122,3.6893442622950823
10,Thursday,4,primavera,122,3.597540983606557
8,Thursday,6,verano,122,3.638524590163934
11,Monday,5,primavera,122,3.5786885245901643
11,Saturday,4,primavera,122,3.5090163934426233
10,Tuesday,5,primavera,122,3.5639344262295083
10,Friday,5,primavera,122,3.6581967213114757
7,Saturday,5,primavera,121,3.5826446280991737
7,Friday,7,verano,121,3.5404958677685947
18,Thursday,7,verano,121,3.5834710743801654
12,Friday,5,primavera,121,3.5834710743801654
15,Wednesday,8,verano,120,3.533333333333333
9,Tuesday,8,verano,120,3.4916666666666667
11,Friday,8,verano,120,3.506666666666667
15,Monday,7,verano,120,3.6141666666666667
13,Wednesday,7,verano,119,3.6168067226890757
17,Saturday,7,verano,119,3.5999999999999996
11,Friday,5,primavera,119,3.6134453781512605
21,Friday,8,verano,119,3.564705882352941
7,Thursday,5,primavera,119,3.5546218487394956
19,Friday,7,verano,119,3.5680672268907565
17,Wednesday,8,verano,119,3.5294117647058822
11,Friday,7,verano,119,3.5747899159663863
7,Saturday,6,verano,118,3.5584745762711862
13,Saturday,8,verano,118,3.5610169491525423
19,Saturday,5,primavera,118,3.6296610169491528
14,Saturday,5,primavera,118,3.580508474576271
19,Monday,7,verano,118,3.5059322033898304
19,Monday,8,verano,118,3.652542372881356
19,Saturday,4,primavera,117,3.635042735042735
7,Thursday,8,verano,116,3.5370689655172414
19,Thursday,7,verano,116,3.5586206896551724
19,Tuesday,8,verano,116,3.6017241379310345
17,Friday,8,verano,116,3.5594827586206894
15,Thursday,6,verano,116,3.575862068965517
17,Thursday,8,verano,116,3.660344827586207
11,Saturday,6,verano,116,3.569827586206897
17,Saturday,8,verano,115,3.635652173913044
20,Saturday,5,primavera,115,3.5930434782608693
14,Thursday,7,verano,114,3.581578947368421
18,Thursday,8,verano,113,3.5734513274336286
9,Thursday,5,primavera,113,3.531858407079646
11,Tuesday,8,verano,112,3.654464285714286
18,Wednesday,8,verano,111,3.5396396396396392
8,Tuesday,8,verano,111,3.6045045045045048
9,Thursday,6,verano,111,3.635135135135135
12,Saturday,8,verano,110,3.5545454545454547
17,Thursday,7,verano,109,3.4660550458715598
18,Saturday,5,primavera,109,3.588073394495413
12,Saturday,6,verano,108,3.575925925925926
16,Friday,6,verano,108,3.6120370370370374
13,Thursday,8,verano,107,3.5738317757009344
11,Wednesday,8,verano,107,3.605607476635514
9,Thursday,4,primavera,106,3.540566037735849
15,Thursday,5,primavera,100,3.5639999999999996
19,Friday,8,verano,99,3.5929292929292926
10,Thursday,5,primavera,99,3.522222222222222
